Date,Open,High,Low,Close*,Adj Close**,Volume,Type
19-Dec-23,"1,733.00","1,743.00","1,717.00","1,723.50","1,723.50",861,Rice
18-Dec-23,"1,715.00","1,744.00","1,710.50","1,738.50","1,738.50",861,Rice
15-Dec-23,"1,715.00","1,724.00","1,701.50","1,712.00","1,712.00","1,696",Rice
14-Dec-23,"1,704.00","1,719.00","1,694.50","1,710.50","1,710.50",820,Rice
13-Dec-23,"1,687.50","1,708.00","1,682.50","1,694.00","1,694.00","1,163",Rice
12-Dec-23,"1,701.00","1,704.00","1,686.50","1,689.00","1,689.00",926,Rice
11-Dec-23,"1,706.00","1,715.00","1,688.00","1,709.00","1,709.00",669,Rice
8-Dec-23,"1,718.50","1,730.00","1,701.00","1,704.00","1,704.00",396,Rice
7-Dec-23,"1,695.00","1,734.00","1,682.50","1,708.00","1,708.00",571,Rice
6-Dec-23,"1,683.00","1,700.00","1,680.50","1,695.00","1,695.00",319,Rice
5-Dec-23,"1,690.50","1,704.00","1,680.00","1,681.00","1,681.00",554,Rice
4-Dec-23,"1,714.50","1,719.50","1,688.00","1,690.00","1,690.00","1,046",Rice
1-Dec-23,"1,735.50","1,737.50","1,717.00","1,718.50","1,718.50",679,Rice
30-Nov-23,"1,739.50","1,757.50","1,728.50","1,734.50","1,734.50",663,Rice
29-Nov-23,"1,737.00","1,744.50","1,729.00","1,741.00","1,741.00",411,Rice
28-Nov-23,"1,726.00","1,745.00","1,717.00","1,738.00","1,738.00",783,Rice
27-Nov-23,"1,751.00","1,765.00","1,722.00","1,724.00","1,724.00",728,Rice
24-Nov-23,"1,721.00","1,767.50","1,716.50","1,756.50","1,756.50",617,Rice
22-Nov-23,"1,735.00","1,754.50","1,707.00","1,730.00","1,730.00","1,061",Rice
21-Nov-23,"1,736.00","1,752.50","1,728.50","1,750.00","1,750.00",653,Rice
20-Nov-23,"1,726.50","1,740.00","1,726.00","1,739.50","1,739.50",637,Rice
17-Nov-23,"1,725.00","1,746.00","1,725.00","1,740.50","1,740.50","1,152",Rice
16-Nov-23,"1,692.50","1,743.00","1,685.00","1,725.00","1,725.00","1,513",Rice
15-Nov-23,"1,675.00","1,701.00","1,673.00","1,694.00","1,694.00",963,Rice
14-Nov-23,"1,689.00","1,689.00","1,673.00","1,673.00","1,673.00",834,Rice
13-Nov-23,"1,684.00","1,685.00","1,680.50","1,685.00","1,685.00",23,Rice
10-Nov-23,"1,690.00","1,690.00","1,690.00","1,690.00","1,690.00",12,Rice
9-Nov-23,"1,666.50","1,666.50","1,666.50","1,666.50","1,666.50",7,Rice
8-Nov-23,"1,675.00","1,675.00","1,663.00","1,663.00","1,663.00",1,Rice
7-Nov-23,"1,619.00","1,632.00","1,619.00","1,632.00","1,632.00",10,Rice
6-Nov-23,"1,618.00","1,625.50","1,618.00","1,622.00","1,622.00",28,Rice
2-Nov-23,"1,613.00","1,621.50","1,611.50","1,621.50","1,621.50",24,Rice
1-Nov-23,"1,636.00","1,636.00","1,612.50","1,616.00","1,616.00",56,Rice
31-Oct-23,"1,633.50","1,634.00","1,620.50","1,624.50","1,624.50",40,Rice
30-Oct-23,"1,610.00","1,613.50","1,607.00","1,612.00","1,612.00",111,Rice
29-Oct-23,"1,619.50","1,621.00","1,599.50","1,607.00","1,607.00",550,Rice
26-Oct-23,"1,624.00","1,626.00","1,615.00","1,621.50","1,621.50",437,Rice
25-Oct-23,"1,611.00","1,629.00","1,608.00","1,624.50","1,624.50",654,Rice
24-Oct-23,"1,607.50","1,612.00","1,590.00","1,612.00","1,612.00",834,Rice
23-Oct-23,"1,609.00","1,618.00","1,603.50","1,611.50","1,611.50","1,264",Rice
22-Oct-23,"1,583.50","1,619.50","1,583.50","1,609.50","1,609.50","1,409",Rice
19-Oct-23,"1,577.50","1,590.00","1,576.50","1,583.50","1,583.50",496,Rice
18-Oct-23,"1,585.00","1,592.50","1,576.50","1,577.50","1,577.50",455,Rice
17-Oct-23,"1,586.00","1,594.00","1,582.50","1,586.00","1,586.00",979,Rice
16-Oct-23,"1,579.50","1,599.00","1,578.50","1,585.50","1,585.50",426,Rice
15-Oct-23,"1,595.00","1,596.00","1,575.50","1,580.50","1,580.50",412,Rice
12-Oct-23,"1,592.50","1,600.50","1,586.00","1,595.50","1,595.50",464,Rice
11-Oct-23,"1,591.00","1,605.00","1,589.50","1,593.00","1,593.00",538,Rice
10-Oct-23,"1,589.50","1,596.00","1,578.50","1,593.00","1,593.00",676,Rice
9-Oct-23,"1,581.00","1,593.50","1,563.00","1,587.00","1,587.00",932,Rice
8-Oct-23,"1,602.00","1,607.00","1,564.50","1,582.50","1,582.50",796,Rice
5-Oct-23,"1,565.00","1,609.00","1,565.00","1,604.50","1,604.50",541,Rice
4-Oct-23,"1,564.50","1,579.00","1,560.00","1,567.50","1,567.50",703,Rice
3-Oct-23,"1,577.00","1,580.00","1,563.50","1,564.50","1,564.50",666,Rice
2-Oct-23,"1,589.00","1,589.00","1,573.00","1,576.50","1,576.50",615,Rice
1-Oct-23,"1,588.50","1,605.00","1,587.50","1,588.00","1,588.00",535,Rice
28-Sep-23,"1,609.00","1,609.00","1,582.50","1,591.00","1,591.00",637,Rice
27-Sep-23,"1,610.00","1,620.00","1,607.00","1,613.00","1,613.00",428,Rice
26-Sep-23,"1,619.00","1,626.50","1,605.50","1,617.50","1,617.50",423,Rice
25-Sep-23,"1,587.00","1,621.00","1,582.50","1,619.00","1,619.00",324,Rice
24-Sep-23,"1,582.50","1,596.50","1,579.50","1,585.00","1,585.00",300,Rice
21-Sep-23,"1,581.00","1,588.50","1,576.50","1,582.50","1,582.50",260,Rice
20-Sep-23,"1,596.00","1,600.00","1,579.50","1,579.50","1,579.50",343,Rice
19-Sep-23,"1,596.00","1,615.00","1,590.50","1,596.00","1,596.00",161,Rice
18-Sep-23,"1,598.00","1,605.00","1,583.00","1,603.00","1,603.00",441,Rice
17-Sep-23,"1,626.00","1,629.50","1,597.00","1,601.50","1,601.50",378,Rice
14-Sep-23,"1,622.50","1,629.00","1,614.00","1,621.50","1,621.50",304,Rice
13-Sep-23,"1,646.00","1,646.00","1,646.00","1,646.00","1,646.00",770,Rice
12-Sep-23,"1,592.50","1,612.00","1,590.00","1,612.00","1,612.00",12,Rice
11-Sep-23,"1,573.00","1,582.50","1,573.00","1,581.00","1,581.00",154,Rice
10-Sep-23,"1,581.50","1,581.50","1,581.50","1,581.50","1,581.50",-,Rice
7-Sep-23,"1,610.00","1,610.00","1,610.00","1,610.00","1,610.00",1,Rice
6-Sep-23,"1,660.00","1,660.00","1,625.50","1,625.50","1,625.50",4,Rice
5-Sep-23,"1,675.00","1,675.00","1,675.00","1,675.00","1,675.00",1,Rice
4-Sep-23,"1,668.50","1,686.00","1,668.50","1,686.00","1,686.00",40,Rice
31-Aug-23,"1,664.50","1,664.50","1,664.50","1,664.50","1,664.50",66,Rice
30-Aug-23,"1,679.00","1,679.00","1,679.00","1,679.00","1,679.00",27,Rice
29-Aug-23,"1,645.50","1,682.50","1,640.00","1,670.50","1,670.50",109,Rice
28-Aug-23,"1,604.50","1,654.50","1,596.00","1,654.50","1,654.50",554,Rice
27-Aug-23,"1,570.50","1,610.00","1,570.50","1,608.00","1,608.00","1,045",Rice
24-Aug-23,"1,571.50","1,587.50","1,563.50","1,568.00","1,568.00",798,Rice
23-Aug-23,"1,540.00","1,575.00","1,540.00","1,571.50","1,571.50",914,Rice
22-Aug-23,"1,548.00","1,550.50","1,540.50","1,544.00","1,544.00",868,Rice
21-Aug-23,"1,551.50","1,560.50","1,547.00","1,549.00","1,549.00",611,Rice
20-Aug-23,"1,556.00","1,565.00","1,549.50","1,551.50","1,551.50",776,Rice
17-Aug-23,"1,554.00","1,560.50","1,552.00","1,554.50","1,554.50",854,Rice
16-Aug-23,"1,562.00","1,568.50","1,552.00","1,553.50","1,553.50",792,Rice
15-Aug-23,"1,559.00","1,567.50","1,553.50","1,555.00","1,555.00",874,Rice
14-Aug-23,"1,563.00","1,570.00","1,554.00","1,558.50","1,558.50",369,Rice
13-Aug-23,"1,590.50","1,597.00","1,561.50","1,563.50","1,563.50",835,Rice
10-Aug-23,"1,603.00","1,620.00","1,590.00","1,599.00","1,599.00",410,Rice
9-Aug-23,"1,605.00","1,616.00","1,600.00","1,603.50","1,603.50",722,Rice
8-Aug-23,"1,590.50","1,612.50","1,584.00","1,607.00","1,607.00",281,Rice
7-Aug-23,"1,583.00","1,597.50","1,575.50","1,589.00","1,589.00",293,Rice
6-Aug-23,"1,589.50","1,605.00","1,570.00","1,592.00","1,592.00",392,Rice
3-Aug-23,"1,600.50","1,612.50","1,590.00","1,595.00","1,595.00",392,Rice
2-Aug-23,"1,593.50","1,618.00","1,587.50","1,608.00","1,608.00",526,Rice
1-Aug-23,"1,586.00","1,596.00","1,564.00","1,593.50","1,593.50",270,Rice
31-Jul-23,"1,545.50","1,608.50","1,545.50","1,584.50","1,584.50",879,Rice
30-Jul-23,"1,557.50","1,557.50","1,536.00","1,547.00","1,547.00",690,Rice
27-Jul-23,"1,574.00","1,574.00","1,557.00","1,562.50","1,562.50",248,Rice
26-Jul-23,"1,564.50","1,598.00","1,564.50","1,579.00","1,579.00",342,Rice
25-Jul-23,"1,587.50","1,596.00","1,553.00","1,584.50","1,584.50",476,Rice
24-Jul-23,"1,610.00","1,631.00","1,567.50","1,593.00","1,593.00","1,314",Rice
23-Jul-23,"1,589.50","1,621.00","1,589.50","1,619.50","1,619.50",825,Rice
20-Jul-23,"1,586.00","1,590.00","1,574.00","1,590.00","1,590.00",556,Rice
19-Jul-23,"1,559.00","1,598.00","1,552.50","1,588.50","1,588.50","1,231",Rice
18-Jul-23,"1,555.50","1,570.00","1,550.00","1,564.50","1,564.50",492,Rice
17-Jul-23,"1,531.00","1,562.00","1,531.00","1,557.50","1,557.50",412,Rice
16-Jul-23,"1,544.50","1,556.00","1,500.00","1,536.50","1,536.50",533,Rice
13-Jul-23,"1,780.00","1,780.00","1,765.00","1,772.50","1,772.50",454,Rice
12-Jul-23,"1,890.00","1,890.00","1,890.00","1,890.00","1,890.00",-,Rice
11-Jul-23,"1,915.00","1,950.00","1,885.00","1,919.50","1,919.50",30,Rice
10-Jul-23,"1,895.00","1,950.00","1,895.00","1,916.00","1,916.00",125,Rice
9-Jul-23,"1,900.00","1,910.00","1,880.00","1,910.00","1,910.00",18,Rice
6-Jul-23,"1,850.50","1,875.00","1,843.00","1,868.50","1,868.50",23,Rice
5-Jul-23,"1,845.00","1,870.00","1,830.00","1,864.00","1,864.00",11,Rice
4-Jul-23,"1,825.00","1,850.00","1,824.50","1,827.00","1,827.00",26,Rice
3-Jul-23,"1,849.50","1,850.00","1,804.50","1,804.50","1,804.50",50,Rice
29-Jun-23,"1,769.50","1,850.50","1,740.00","1,805.50","1,805.50",75,Rice
28-Jun-23,"1,738.50","1,809.00","1,738.00","1,770.50","1,770.50",65,Rice
27-Jun-23,"1,760.00","1,766.50","1,722.00","1,748.50","1,748.50",76,Rice
26-Jun-23,"1,790.00","1,800.00","1,766.00","1,767.50","1,767.50",180,Rice
25-Jun-23,"1,784.50","1,814.00","1,784.50","1,794.00","1,794.00",214,Rice
22-Jun-23,"1,760.00","1,777.00","1,751.00","1,770.00","1,770.00",325,Rice
21-Jun-23,"1,755.00","1,770.00","1,742.50","1,761.00","1,761.00",122,Rice
20-Jun-23,"1,725.00","1,754.50","1,720.00","1,745.00","1,745.00",229,Rice
19-Jun-23,"1,799.00","1,799.00","1,713.00","1,719.00","1,719.00",910,Rice
15-Jun-23,"1,775.00","1,809.50","1,763.50","1,779.50","1,779.50",446,Rice
14-Jun-23,"1,760.00","1,806.50","1,759.00","1,774.00","1,774.00",557,Rice
13-Jun-23,"1,832.00","1,832.00","1,750.00","1,762.50","1,762.50",715,Rice
12-Jun-23,"1,955.00","1,967.00","1,846.50","1,846.50","1,846.50",659,Rice
11-Jun-23,"1,870.50","1,992.00","1,870.50","1,966.50","1,966.50",777,Rice
8-Jun-23,"1,877.00","1,942.50","1,857.00","1,902.50","1,902.50",748,Rice
7-Jun-23,"1,830.00","1,879.50","1,828.00","1,878.00","1,878.00",825,Rice
6-Jun-23,"1,816.50","1,833.50","1,793.00","1,831.00","1,831.00",541,Rice
5-Jun-23,"1,792.50","1,816.50","1,792.50","1,812.50","1,812.50",582,Rice
4-Jun-23,"1,769.00","1,807.50","1,763.00","1,793.50","1,793.50",643,Rice
1-Jun-23,"1,748.00","1,778.00","1,733.00","1,769.00","1,769.00",454,Rice
31-May-23,"1,717.00","1,764.50","1,716.00","1,748.00","1,748.00",406,Rice
30-May-23,"1,704.50","1,731.50","1,684.00","1,729.00","1,729.00",587,Rice
29-May-23,"1,707.00","1,742.50","1,693.50","1,703.00","1,703.00",448,Rice
25-May-23,"1,668.00","1,721.00","1,660.00","1,707.00","1,707.00",445,Rice
24-May-23,"1,663.00","1,680.50","1,659.50","1,660.00","1,660.00",622,Rice
23-May-23,"1,669.00","1,680.50","1,660.00","1,661.50","1,661.50",745,Rice
22-May-23,"1,686.50","1,687.00","1,666.00","1,669.00","1,669.00",682,Rice
21-May-23,"1,709.50","1,726.50","1,670.50","1,683.50","1,683.50",805,Rice
18-May-23,"1,732.50","1,740.00","1,706.00","1,706.50","1,706.50",494,Rice
17-May-23,"1,753.00","1,761.00","1,733.00","1,733.50","1,733.50",329,Rice
16-May-23,"1,743.00","1,758.00","1,730.50","1,751.00","1,751.00",494,Rice
15-May-23,"1,785.50","1,796.50","1,736.00","1,741.00","1,741.00",602,Rice
14-May-23,"1,842.00","1,859.00","1,780.00","1,785.50","1,785.50",793,Rice
11-May-23,"1,827.50","1,827.50","1,827.50","1,827.50","1,827.50",319,Rice
10-May-23,"1,809.50","1,809.50","1,809.50","1,809.50","1,809.50",10,Rice
9-May-23,"1,800.00","1,814.50","1,800.00","1,814.50","1,814.50",7,Rice
8-May-23,"1,800.50","1,800.50","1,800.50","1,800.50","1,800.50",-,Rice
7-May-23,"1,810.00","1,815.00","1,810.00","1,815.00","1,815.00",5,Rice
4-May-23,"1,800.00","1,807.00","1,800.00","1,807.00","1,807.00",18,Rice
3-May-23,"1,777.00","1,779.00","1,777.00","1,778.00","1,778.00",8,Rice
2-May-23,"1,776.50","1,778.00","1,773.00","1,773.00","1,773.00",11,Rice
1-May-23,"1,768.50","1,768.50","1,764.50","1,764.50","1,764.50",5,Rice
30-Apr-23,"1,746.50","1,750.00","1,746.50","1,750.00","1,750.00",15,Rice
27-Apr-23,"1,730.50","1,738.50","1,728.00","1,738.50","1,738.50",58,Rice
26-Apr-23,"1,685.50","1,699.00","1,676.50","1,686.00","1,686.00",301,Rice
25-Apr-23,"1,697.00","1,704.00","1,686.00","1,693.00","1,693.00",164,Rice
24-Apr-23,"1,694.00","1,712.50","1,670.00","1,690.00","1,690.00",235,Rice
23-Apr-23,"1,704.50","1,707.50","1,687.00","1,694.00","1,694.00",440,Rice
20-Apr-23,"1,686.00","1,707.50","1,686.00","1,691.50","1,691.50",379,Rice
19-Apr-23,"1,714.00","1,722.00","1,676.50","1,678.00","1,678.00",385,Rice
18-Apr-23,"1,737.00","1,737.00","1,709.00","1,712.00","1,712.00",639,Rice
17-Apr-23,"1,734.50","1,746.50","1,725.00","1,734.00","1,734.00",392,Rice
16-Apr-23,"1,733.00","1,741.50","1,700.50","1,733.00","1,733.00",697,Rice
13-Apr-23,"1,761.00","1,774.50","1,726.00","1,738.50","1,738.50",832,Rice
12-Apr-23,"1,751.50","1,786.00","1,739.00","1,754.50","1,754.50","1,072",Rice
11-Apr-23,"1,704.00","1,760.00","1,702.50","1,755.00","1,755.00","1,047",Rice
10-Apr-23,"1,642.00","1,715.50","1,631.00","1,695.50","1,695.50",746,Rice
9-Apr-23,"1,665.00","1,675.00","1,625.50","1,641.00","1,641.00",769,Rice
5-Apr-23,"1,686.50","1,689.00","1,654.00","1,663.50","1,663.50",-,Rice
4-Apr-23,"1,676.50","1,690.00","1,671.00","1,683.00","1,683.00",441,Rice
3-Apr-23,"1,715.00","1,715.00","1,669.00","1,679.00","1,679.00",663,Rice
2-Apr-23,"1,742.50","1,760.00","1,701.00","1,708.00","1,708.00",502,Rice
30-Mar-23,"1,771.50","1,778.00","1,739.00","1,741.50","1,741.50",486,Rice
29-Mar-23,"1,770.50","1,774.00","1,757.00","1,760.00","1,760.00",250,Rice
28-Mar-23,"1,771.50","1,788.50","1,760.00","1,770.50","1,770.50",369,Rice
27-Mar-23,"1,778.50","1,797.00","1,771.50","1,774.50","1,774.50",447,Rice
26-Mar-23,"1,787.50","1,800.00","1,769.50","1,783.50","1,783.50",884,Rice
23-Mar-23,"1,752.50","1,794.50","1,750.50","1,788.00","1,788.00","1,446",Rice
22-Mar-23,"1,719.00","1,757.00","1,715.00","1,756.00","1,756.00",553,Rice
21-Mar-23,"1,729.00","1,734.00","1,712.00","1,725.50","1,725.50",334,Rice
20-Mar-23,"1,734.00","1,744.00","1,722.50","1,726.50","1,726.50",275,Rice
19-Mar-23,"1,706.50","1,734.00","1,700.00","1,730.50","1,730.50",229,Rice
16-Mar-23,"1,729.00","1,735.00","1,713.00","1,720.00","1,720.00",254,Rice
15-Mar-23,"1,727.00","1,747.00","1,721.00","1,729.00","1,729.00",482,Rice
14-Mar-23,"1,715.00","1,749.00","1,715.00","1,727.00","1,727.00","1,047",Rice
13-Mar-23,"1,673.00","1,673.00","1,673.00","1,673.00","1,673.00",703,Rice
12-Mar-23,"1,635.00","1,635.00","1,635.00","1,635.00","1,635.00",2,Rice
10-Mar-23,"1,603.50","1,603.50","1,603.50","1,603.50","1,603.50",10,Rice
9-Mar-23,"1,601.00","1,601.00","1,601.00","1,601.00","1,601.00",10,Rice
8-Mar-23,"1,598.00","1,598.00","1,598.00","1,598.00","1,598.00",44,Rice
7-Mar-23,"1,632.50","1,632.50","1,632.50","1,632.50","1,632.50",44,Rice
6-Mar-23,"1,659.50","1,659.50","1,659.50","1,659.50","1,659.50",2,Rice
3-Mar-23,"1,699.50","1,699.50","1,699.50","1,699.50","1,699.50",2,Rice
2-Mar-23,"1,715.00","1,724.00","1,715.00","1,724.00","1,724.00",37,Rice
1-Mar-23,"1,684.00","1,721.00","1,684.00","1,716.50","1,716.50",78,Rice
28-Feb-23,"1,692.00","1,700.50","1,692.00","1,697.00","1,697.00",188,Rice
27-Feb-23,"1,665.00","1,699.00","1,665.00","1,699.00","1,699.00","1,183",Rice
24-Feb-23,"1,678.00","1,686.00","1,671.00","1,680.00","1,680.00",530,Rice
23-Feb-23,"1,699.00","1,705.00","1,673.00","1,681.00","1,681.00",402,Rice
22-Feb-23,"1,728.50","1,728.50","1,690.00","1,702.50","1,702.50",508,Rice
21-Feb-23,"1,755.00","1,755.00","1,712.50","1,727.00","1,727.00",765,Rice
17-Feb-23,"1,762.00","1,763.50","1,747.00","1,751.50","1,751.50",630,Rice
16-Feb-23,"1,751.00","1,764.00","1,747.50","1,755.50","1,755.50",585,Rice
15-Feb-23,"1,766.00","1,767.50","1,747.00","1,755.00","1,755.00",923,Rice
14-Feb-23,"1,786.00","1,789.50","1,763.00","1,771.00","1,771.00",657,Rice
13-Feb-23,"1,809.00","1,815.50","1,784.50","1,791.00","1,791.00",648,Rice
10-Feb-23,"1,805.00","1,818.00","1,800.50","1,808.50","1,808.50",671,Rice
9-Feb-23,"1,796.50","1,819.50","1,785.50","1,811.50","1,811.50",803,Rice
8-Feb-23,"1,748.00","1,800.00","1,745.50","1,790.00","1,790.00",731,Rice
7-Feb-23,"1,755.50","1,762.00","1,747.00","1,747.50","1,747.50",917,Rice
6-Feb-23,"1,772.00","1,776.50","1,754.00","1,754.50","1,754.50",754,Rice
3-Feb-23,"1,777.50","1,779.00","1,771.00","1,774.00","1,774.00",501,Rice
2-Feb-23,"1,784.00","1,793.50","1,777.00","1,778.00","1,778.00",477,Rice
1-Feb-23,"1,782.50","1,795.50","1,777.00","1,784.50","1,784.50",482,Rice
31-Jan-23,"1,806.00","1,814.00","1,781.50","1,782.50","1,782.50",604,Rice
30-Jan-23,"1,825.00","1,833.50","1,800.00","1,812.00","1,812.00",408,Rice
27-Jan-23,"1,827.00","1,834.00","1,824.50","1,831.00","1,831.00",397,Rice
26-Jan-23,"1,815.50","1,836.00","1,815.50","1,831.00","1,831.00",411,Rice
25-Jan-23,"1,815.00","1,827.00","1,814.00","1,816.00","1,816.00",197,Rice
24-Jan-23,"1,816.50","1,833.00","1,811.00","1,822.50","1,822.50",494,Rice
23-Jan-23,"1,808.50","1,825.00","1,801.00","1,822.50","1,822.50",513,Rice
20-Jan-23,"1,791.50","1,813.50","1,790.00","1,811.00","1,811.00",425,Rice
19-Jan-23,"1,791.50","1,809.00","1,786.00","1,791.00","1,791.00",253,Rice
18-Jan-23,"1,793.00","1,801.50","1,777.00","1,797.00","1,797.00",450,Rice
17-Jan-23,"1,805.50","1,806.00","1,776.00","1,793.50","1,793.50",387,Rice
13-Jan-23,"1,787.00","1,787.00","1,787.00","1,787.00","1,787.00",590,Rice
12-Jan-23,"1,778.00","1,778.00","1,778.00","1,778.00","1,778.00",15,Rice
11-Jan-23,"1,747.00","1,747.00","1,747.00","1,747.00","1,747.00",-,Rice
10-Jan-23,"1,771.00","1,771.00","1,771.00","1,771.00","1,771.00",3,Rice
9-Jan-23,"1,745.00","1,764.00","1,745.00","1,764.00","1,764.00",29,Rice
6-Jan-23,"1,730.00","1,749.50","1,725.00","1,749.50","1,749.50",6,Rice
5-Jan-23,"1,749.00","1,749.50","1,700.00","1,737.50","1,737.50",40,Rice
4-Jan-23,"1,755.00","1,755.00","1,750.00","1,750.00","1,750.00",17,Rice
3-Jan-23,"1,791.50","1,807.50","1,791.50","1,807.50","1,807.50",13,Rice
30-Dec-22,"1,796.00","1,805.00","1,796.00","1,805.00","1,805.00",19,Rice
29-Dec-22,"1,764.00","1,793.50","1,763.50","1,789.50","1,789.50",135,Rice
28-Dec-22,"1,761.00","1,792.00","1,757.00","1,773.00","1,773.00",370,Rice
27-Dec-22,"1,800.00","1,813.50","1,787.50","1,793.50","1,793.50",331,Rice
23-Dec-22,"1,795.00","1,802.50","1,789.00","1,801.50","1,801.50",514,Rice
22-Dec-22,"1,780.00","1,797.00","1,777.50","1,795.50","1,795.50",494,Rice
21-Dec-22,"1,775.50","1,799.00","1,771.50","1,784.00","1,784.00",584,Rice
20-Dec-22,"1,713.50","1,785.00","1,703.50","1,778.00","1,778.00",717,Rice
19-Dec-22,"1,674.00","1,724.00","1,674.00","1,712.00","1,712.00",648,Rice
16-Dec-22,"1,666.00","1,674.00","1,664.50","1,668.50","1,668.50",696,Rice
15-Dec-22,"1,673.50","1,673.50","1,663.00","1,663.50","1,663.50",888,Rice
14-Dec-22,"1,680.00","1,680.00","1,669.00","1,675.50","1,675.50",660,Rice
13-Dec-22,"1,670.50","1,683.50","1,670.50","1,676.50","1,676.50",554,Rice
12-Dec-22,"1,678.00","1,687.00","1,665.50","1,670.50","1,670.50",840,Rice
9-Dec-22,"1,674.00","1,685.00","1,670.00","1,671.50","1,671.50",432,Rice
8-Dec-22,"1,674.00","1,678.50","1,662.50","1,675.50","1,675.50","1,189",Rice
7-Dec-22,"1,682.00","1,687.50","1,665.00","1,671.00","1,671.00","1,288",Rice
6-Dec-22,"1,702.00","1,722.50","1,670.50","1,684.50","1,684.50","1,644",Rice
5-Dec-22,"1,768.00","1,773.50","1,702.00","1,703.50","1,703.50","1,411",Rice
2-Dec-22,"1,779.00","1,780.50","1,762.50","1,763.50","1,763.50",310,Rice
1-Dec-22,"1,778.00","1,790.00","1,774.50","1,779.50","1,779.50",359,Rice
30-Nov-22,"1,796.00","1,796.00","1,778.50","1,781.00","1,781.00",374,Rice
29-Nov-22,"1,789.00","1,797.50","1,784.50","1,789.50","1,789.50",296,Rice
28-Nov-22,"1,803.00","1,812.50","1,760.00","1,793.00","1,793.00",903,Rice
25-Nov-22,"1,801.50","1,820.00","1,801.00","1,812.00","1,812.00",787,Rice
23-Nov-22,"1,791.00","1,804.00","1,785.00","1,801.00","1,801.00",534,Rice
22-Nov-22,"1,777.50","1,794.50","1,776.00","1,794.50","1,794.50",308,Rice
21-Nov-22,"1,776.50","1,787.50","1,776.00","1,781.00","1,781.00",253,Rice
18-Nov-22,"1,773.00","1,797.00","1,767.00","1,779.50","1,779.50",396,Rice
17-Nov-22,"1,765.50","1,795.50","1,762.00","1,773.00","1,773.00",693,Rice
16-Nov-22,"1,780.00","1,781.00","1,751.50","1,774.00","1,774.00",418,Rice
15-Nov-22,"1,793.00","1,794.00","1,776.50","1,778.00","1,778.00",446,Rice
14-Nov-22,"1,763.00","1,763.00","1,763.00","1,763.00","1,763.00",821,Rice
11-Nov-22,"1,762.00","1,762.00","1,762.00","1,762.00","1,762.00",83,Rice
10-Nov-22,"1,767.50","1,767.50","1,767.50","1,767.50","1,767.50",26,Rice
9-Nov-22,"1,765.00","1,765.00","1,765.00","1,765.00","1,765.00",18,Rice
8-Nov-22,"1,749.00","1,757.50","1,749.00","1,757.50","1,757.50",99,Rice
7-Nov-22,"1,742.00","1,742.00","1,742.00","1,742.00","1,742.00",19,Rice
3-Nov-22,"1,731.00","1,731.00","1,731.00","1,731.00","1,731.00",10,Rice
2-Nov-22,"1,718.50","1,718.50","1,718.50","1,718.50","1,718.50",1,Rice
1-Nov-22,"1,718.50","1,718.50","1,718.50","1,718.50","1,718.50",277,Rice
31-Oct-22,"1,652.50","1,722.50","1,652.50","1,722.50","1,722.50",267,Rice
30-Oct-22,"1,615.50","1,656.00","1,615.50","1,656.00","1,656.00",330,Rice
27-Oct-22,"1,601.00","1,613.00","1,597.00","1,612.50","1,612.50",545,Rice
26-Oct-22,"1,602.50","1,611.50","1,596.50","1,601.00","1,601.00",502,Rice
25-Oct-22,"1,620.50","1,621.00","1,600.50","1,603.00","1,603.00",653,Rice
24-Oct-22,"1,620.00","1,627.00","1,618.50","1,618.50","1,618.50",604,Rice
23-Oct-22,"1,638.50","1,646.00","1,622.50","1,623.50","1,623.50","1,047",Rice
20-Oct-22,"1,645.00","1,650.00","1,625.00","1,636.00","1,636.00",811,Rice
19-Oct-22,"1,650.00","1,652.50","1,643.50","1,645.00","1,645.00","1,136",Rice
18-Oct-22,"1,655.00","1,655.50","1,647.50","1,648.50","1,648.50",366,Rice
17-Oct-22,"1,665.50","1,667.00","1,650.00","1,654.00","1,654.00","1,122",Rice
16-Oct-22,"1,673.00","1,676.50","1,665.50","1,667.00","1,667.00",489,Rice
13-Oct-22,"1,676.00","1,680.50","1,672.00","1,673.50","1,673.50",486,Rice
12-Oct-22,"1,681.00","1,683.00","1,672.00","1,676.00","1,676.00",432,Rice
11-Oct-22,"1,673.00","1,688.00","1,669.50","1,681.00","1,681.00",861,Rice
10-Oct-22,"1,673.00","1,676.00","1,668.50","1,672.00","1,672.00","1,366",Rice
9-Oct-22,"1,682.50","1,691.50","1,670.50","1,671.50","1,671.50","1,147",Rice
6-Oct-22,"1,691.50","1,691.50","1,681.00","1,682.50","1,682.50",654,Rice
5-Oct-22,"1,698.50","1,699.50","1,687.00","1,689.00","1,689.00",668,Rice
4-Oct-22,"1,696.00","1,704.50","1,690.50","1,697.00","1,697.00",608,Rice
3-Oct-22,"1,693.00","1,702.50","1,691.00","1,696.50","1,696.50",720,Rice
2-Oct-22,"1,715.50","1,725.00","1,692.00","1,693.50","1,693.50","1,102",Rice
29-Sep-22,"1,732.50","1,742.00","1,716.00","1,717.00","1,717.00",553,Rice
28-Sep-22,"1,739.50","1,747.00","1,731.50","1,735.00","1,735.00",372,Rice
27-Sep-22,"1,730.50","1,738.00","1,727.00","1,736.00","1,736.00",255,Rice
26-Sep-22,"1,735.00","1,755.00","1,726.50","1,731.50","1,731.50",306,Rice
25-Sep-22,"1,737.50","1,739.00","1,719.00","1,735.00","1,735.00",548,Rice
22-Sep-22,"1,739.50","1,742.00","1,736.00","1,738.00","1,738.00",411,Rice
21-Sep-22,"1,760.50","1,762.00","1,732.50","1,738.50","1,738.50",389,Rice
20-Sep-22,"1,772.00","1,778.00","1,754.00","1,762.50","1,762.50",258,Rice
19-Sep-22,"1,761.50","1,779.50","1,761.50","1,772.50","1,772.50",193,Rice
18-Sep-22,"1,779.00","1,781.50","1,757.50","1,763.50","1,763.50",251,Rice
15-Sep-22,"1,779.00","1,787.50","1,765.00","1,782.50","1,782.50",330,Rice
14-Sep-22,"1,771.50","1,794.50","1,763.00","1,782.00","1,782.00",385,Rice
13-Sep-22,"1,755.00","1,755.00","1,755.00","1,755.00","1,755.00",457,Rice
12-Sep-22,"1,749.50","1,752.00","1,749.50","1,752.00","1,752.00",6,Rice
11-Sep-22,"1,743.00","1,743.00","1,743.00","1,743.00","1,743.00",7,Rice
8-Sep-22,"1,732.00","1,732.00","1,732.00","1,732.00","1,732.00",-,Rice
7-Sep-22,"1,697.00","1,697.00","1,697.00","1,697.00","1,697.00",-,Rice
6-Sep-22,"1,678.00","1,678.00","1,678.00","1,678.00","1,678.00",-,Rice
5-Sep-22,"1,685.00","1,685.00","1,685.00","1,685.00","1,685.00",4,Rice
1-Sep-22,"1,738.00","1,738.00","1,738.00","1,738.00","1,738.00",24,Rice
31-Aug-22,"1,738.50","1,738.50","1,738.50","1,738.50","1,738.50",46,Rice
30-Aug-22,"1,750.00","1,759.00","1,744.00","1,750.50","1,750.50",48,Rice
29-Aug-22,"1,720.00","1,748.50","1,720.00","1,743.00","1,743.00",448,Rice
28-Aug-22,"1,724.00","1,730.50","1,685.00","1,728.00","1,728.00",616,Rice
25-Aug-22,"1,712.50","1,732.50","1,712.50","1,731.50","1,731.50",387,Rice
24-Aug-22,"1,724.50","1,731.50","1,706.50","1,716.00","1,716.00",583,Rice
23-Aug-22,"1,719.00","1,747.50","1,719.00","1,724.50","1,724.50",990,Rice
22-Aug-22,"1,714.00","1,733.00","1,714.00","1,729.00","1,729.00","1,213",Rice
21-Aug-22,"1,699.00","1,722.50","1,699.00","1,712.50","1,712.50",733,Rice
18-Aug-22,"1,658.50","1,714.00","1,658.50","1,708.50","1,708.50",889,Rice
17-Aug-22,"1,666.00","1,669.00","1,649.50","1,655.50","1,655.50","1,888",Rice
16-Aug-22,"1,688.50","1,688.50","1,666.00","1,666.50","1,666.50",843,Rice
15-Aug-22,"1,703.00","1,711.00","1,688.50","1,690.00","1,690.00",279,Rice
14-Aug-22,"1,717.50","1,718.00","1,695.00","1,707.50","1,707.50",302,Rice
11-Aug-22,"1,706.00","1,719.00","1,696.00","1,715.50","1,715.50",282,Rice
10-Aug-22,"1,698.50","1,719.50","1,698.50","1,708.00","1,708.00",338,Rice
9-Aug-22,"1,697.50","1,705.50","1,685.00","1,694.50","1,694.50",354,Rice
8-Aug-22,"1,713.00","1,724.00","1,697.50","1,700.00","1,700.00",215,Rice
7-Aug-22,"1,721.00","1,729.00","1,702.00","1,719.50","1,719.50",622,Rice
4-Aug-22,"1,725.50","1,745.50","1,721.00","1,734.00","1,734.00",611,Rice
3-Aug-22,"1,704.50","1,735.00","1,700.50","1,732.50","1,732.50",703,Rice
2-Aug-22,"1,681.00","1,708.00","1,668.00","1,706.00","1,706.00",473,Rice
1-Aug-22,"1,666.50","1,686.00","1,665.00","1,677.50","1,677.50",473,Rice
31-Jul-22,"1,687.50","1,691.50","1,663.00","1,666.00","1,666.00",759,Rice
28-Jul-22,"1,701.00","1,712.00","1,688.50","1,688.50","1,688.50",706,Rice
27-Jul-22,"1,700.50","1,707.00","1,694.00","1,702.00","1,702.00",411,Rice
26-Jul-22,"1,703.00","1,716.00","1,703.00","1,708.50","1,708.50",232,Rice
25-Jul-22,"1,690.50","1,719.00","1,688.50","1,709.50","1,709.50",408,Rice
24-Jul-22,"1,676.00","1,697.00","1,676.00","1,693.00","1,693.00",337,Rice
21-Jul-22,"1,695.00","1,701.00","1,679.50","1,686.50","1,686.50",341,Rice
20-Jul-22,"1,684.00","1,703.00","1,681.00","1,698.50","1,698.50",355,Rice
19-Jul-22,"1,712.00","1,722.50","1,676.00","1,694.50","1,694.50",593,Rice
18-Jul-22,"1,697.00","1,729.00","1,695.50","1,716.00","1,716.00","1,030",Rice
17-Jul-22,"1,662.50","1,730.50","1,656.00","1,707.00","1,707.00","1,110",Rice
14-Jul-22,"1,639.50","1,660.00","1,636.00","1,652.50","1,652.50",375,Rice
13-Jul-22,"1,614.00","1,614.00","1,614.00","1,614.00","1,614.00",211,Rice
12-Jul-22,"1,622.00","1,622.00","1,621.50","1,621.50","1,621.50",5,Rice
11-Jul-22,"1,622.50","1,622.50","1,617.00","1,620.50","1,620.50",4,Rice
10-Jul-22,"1,629.50","1,630.50","1,629.50","1,630.50","1,630.50",6,Rice
7-Jul-22,"1,620.00","1,620.00","1,620.00","1,620.00","1,620.00",-,Rice
6-Jul-22,"1,594.00","1,613.50","1,594.00","1,613.50","1,613.50",4,Rice
5-Jul-22,"1,580.00","1,592.50","1,580.00","1,592.50","1,592.50",5,Rice
4-Jul-22,"1,606.50","1,606.50","1,583.00","1,583.00","1,583.00",18,Rice
30-Jun-22,"1,644.00","1,644.50","1,612.00","1,612.00","1,612.00",40,Rice
29-Jun-22,"1,637.50","1,645.00","1,633.00","1,642.50","1,642.50",18,Rice
28-Jun-22,"1,625.00","1,656.00","1,624.50","1,645.00","1,645.00",270,Rice
27-Jun-22,"1,612.00","1,630.00","1,601.00","1,621.00","1,621.00",292,Rice
26-Jun-22,"1,615.00","1,625.00","1,605.00","1,608.00","1,608.00",482,Rice
23-Jun-22,"1,607.50","1,613.00","1,601.00","1,605.50","1,605.50",229,Rice
22-Jun-22,"1,628.00","1,628.00","1,599.00","1,611.50","1,611.50",366,Rice
21-Jun-22,"1,607.00","1,633.50","1,601.00","1,631.50","1,631.50",690,Rice
20-Jun-22,"1,622.00","1,629.00","1,611.00","1,612.50","1,612.50",681,Rice
16-Jun-22,"1,635.00","1,637.00","1,608.00","1,622.00","1,622.00",846,Rice
15-Jun-22,"1,641.00","1,657.50","1,632.00","1,635.50","1,635.50",733,Rice
14-Jun-22,"1,653.00","1,655.50","1,640.50","1,645.50","1,645.50",506,Rice
13-Jun-22,"1,630.00","1,661.00","1,629.50","1,655.50","1,655.50",655,Rice
12-Jun-22,"1,626.50","1,655.50","1,611.00","1,638.00","1,638.00",672,Rice
9-Jun-22,"1,656.50","1,657.50","1,622.00","1,625.00","1,625.00","1,766",Rice
8-Jun-22,"1,694.50","1,694.50","1,656.00","1,663.50","1,663.50",759,Rice
7-Jun-22,"1,686.00","1,704.00","1,677.50","1,692.00","1,692.00",444,Rice
6-Jun-22,"1,720.00","1,723.50","1,688.50","1,694.00","1,694.00",520,Rice
5-Jun-22,"1,687.00","1,725.00","1,676.50","1,723.00","1,723.00",630,Rice
2-Jun-22,"1,697.00","1,704.50","1,678.00","1,679.50","1,679.50",460,Rice
1-Jun-22,"1,706.00","1,732.00","1,695.00","1,697.50","1,697.50",505,Rice
31-May-22,"1,749.50","1,760.50","1,711.00","1,713.50","1,713.50",720,Rice
30-May-22,"1,750.00","1,764.50","1,740.50","1,754.50","1,754.50",712,Rice
26-May-22,"1,731.50","1,755.00","1,714.00","1,747.00","1,747.00",466,Rice
25-May-22,"1,704.00","1,738.50","1,703.50","1,727.50","1,727.50",402,Rice
24-May-22,"1,715.00","1,718.50","1,684.00","1,707.50","1,707.50",350,Rice
23-May-22,"1,727.00","1,735.00","1,692.00","1,716.50","1,716.50",400,Rice
22-May-22,"1,713.00","1,746.50","1,713.00","1,727.00","1,727.00",615,Rice
19-May-22,"1,691.00","1,725.50","1,688.00","1,716.50","1,716.50",305,Rice
18-May-22,"1,675.50","1,706.00","1,672.00","1,698.50","1,698.50",358,Rice
17-May-22,"1,712.00","1,712.00","1,671.50","1,681.00","1,681.00",990,Rice
16-May-22,"1,780.00","1,804.00","1,688.00","1,716.50","1,716.50",913,Rice
15-May-22,"1,739.00","1,815.50","1,737.00","1,782.50","1,782.50","1,283",Rice
12-May-22,"1,715.00","1,715.00","1,715.00","1,715.00","1,715.00",419,Rice
11-May-22,"1,693.50","1,693.50","1,693.50","1,693.50","1,693.50",48,Rice
10-May-22,"1,662.50","1,668.50","1,660.00","1,668.50","1,668.50",31,Rice
9-May-22,"1,643.50","1,658.50","1,637.00","1,658.50","1,658.50",15,Rice
8-May-22,"1,669.00","1,669.00","1,649.50","1,649.50","1,649.50",16,Rice
5-May-22,"1,671.50","1,671.50","1,662.00","1,662.00","1,662.00",1,Rice
4-May-22,"1,673.00","1,673.00","1,663.50","1,670.00","1,670.00",5,Rice
3-May-22,"1,668.00","1,676.00","1,668.00","1,671.50","1,671.50",9,Rice
2-May-22,"1,663.00","1,664.50","1,663.00","1,664.50","1,664.50",2,Rice
1-May-22,"1,708.50","1,708.50","1,677.50","1,677.50","1,677.50",28,Rice
28-Apr-22,"1,676.00","1,710.00","1,658.00","1,709.00","1,709.00",110,Rice
27-Apr-22,"1,654.50","1,692.50","1,654.50","1,677.50","1,677.50",317,Rice
26-Apr-22,"1,661.50","1,685.00","1,652.00","1,666.00","1,666.00",470,Rice
25-Apr-22,"1,638.00","1,683.00","1,638.00","1,675.00","1,675.00",328,Rice
24-Apr-22,"1,613.00","1,655.50","1,602.00","1,630.00","1,630.00",539,Rice
21-Apr-22,"1,620.00","1,627.00","1,610.50","1,620.50","1,620.50",666,Rice
20-Apr-22,"1,620.50","1,628.00","1,608.00","1,623.00","1,623.00",776,Rice
19-Apr-22,"1,615.00","1,624.50","1,600.50","1,605.50","1,605.50",804,Rice
18-Apr-22,"1,657.00","1,700.00","1,569.00","1,606.50","1,606.50","1,492",Rice
17-Apr-22,"1,616.00","1,670.00","1,614.00","1,655.00","1,655.00",857,Rice
13-Apr-22,"1,575.00","1,621.00","1,573.50","1,619.50","1,619.50","1,495",Rice
12-Apr-22,"1,575.00","1,578.50","1,563.50","1,576.00","1,576.00",820,Rice
11-Apr-22,"1,563.00","1,575.00","1,562.50","1,571.00","1,571.00",656,Rice
10-Apr-22,"1,578.00","1,578.00","1,562.50","1,562.50","1,562.50",511,Rice
7-Apr-22,"1,578.50","1,589.00","1,570.50","1,578.00","1,578.00",790,Rice
6-Apr-22,"1,585.50","1,593.00","1,573.00","1,581.50","1,581.50",361,Rice
5-Apr-22,"1,606.50","1,608.00","1,585.50","1,590.50","1,590.50",252,Rice
4-Apr-22,"1,593.50","1,607.00","1,590.50","1,603.50","1,603.50",193,Rice
3-Apr-22,"1,605.00","1,607.00","1,588.50","1,596.50","1,596.50",127,Rice
31-Mar-22,"1,595.50","1,611.50","1,585.00","1,600.50","1,600.50",368,Rice
30-Mar-22,"1,591.00","1,617.50","1,585.50","1,601.00","1,601.00",427,Rice
29-Mar-22,"1,584.00","1,603.00","1,575.00","1,591.50","1,591.50",327,Rice
28-Mar-22,"1,593.00","1,593.00","1,561.00","1,573.00","1,573.00",685,Rice
27-Mar-22,"1,619.50","1,624.00","1,585.50","1,596.00","1,596.00",336,Rice
24-Mar-22,"1,598.50","1,644.50","1,580.50","1,625.50","1,625.50",494,Rice
23-Mar-22,"1,591.50","1,605.00","1,586.00","1,601.00","1,601.00",172,Rice
22-Mar-22,"1,601.50","1,608.00","1,590.00","1,599.00","1,599.00",238,Rice
21-Mar-22,"1,592.50","1,604.00","1,583.00","1,602.50","1,602.50",207,Rice
20-Mar-22,"1,559.00","1,606.50","1,550.00","1,593.00","1,593.00",449,Rice
17-Mar-22,"1,570.00","1,571.00","1,551.00","1,562.50","1,562.50",432,Rice
16-Mar-22,"1,581.50","1,583.50","1,566.00","1,571.00","1,571.00",408,Rice
15-Mar-22,"1,625.00","1,628.50","1,584.00","1,586.50","1,586.50",451,Rice
14-Mar-22,"1,618.50","1,626.50","1,589.00","1,618.00","1,618.00",310,Rice
13-Mar-22,"1,557.50","1,560.00","1,546.00","1,558.00","1,558.00",346,Rice
11-Mar-22,"1,565.00","1,565.00","1,546.00","1,551.00","1,551.00",49,Rice
10-Mar-22,"1,556.50","1,557.00","1,556.50","1,557.00","1,557.00",16,Rice
9-Mar-22,"1,552.50","1,552.50","1,552.50","1,552.50","1,552.50",10,Rice
8-Mar-22,"1,567.50","1,571.50","1,550.00","1,567.00","1,567.00",67,Rice
7-Mar-22,"1,589.00","1,600.00","1,589.00","1,592.00","1,592.00",74,Rice
4-Mar-22,"1,649.50","1,649.50","1,612.00","1,612.00","1,612.00",33,Rice
3-Mar-22,"1,603.00","1,603.00","1,603.00","1,603.00","1,603.00",73,Rice
2-Mar-22,"1,591.00","1,613.00","1,589.00","1,589.00","1,589.00",112,Rice
1-Mar-22,"1,540.00","1,591.00","1,540.00","1,586.00","1,586.00",203,Rice
28-Feb-22,"1,514.00","1,540.00","1,514.00","1,536.50","1,536.50",195,Rice
25-Feb-22,"1,510.50","1,512.50","1,502.50","1,511.00","1,511.00",409,Rice
24-Feb-22,"1,511.00","1,549.50","1,492.00","1,512.00","1,512.00",678,Rice
23-Feb-22,"1,512.00","1,530.00","1,500.50","1,506.00","1,506.00",385,Rice
22-Feb-22,"1,488.50","1,515.00","1,488.00","1,512.00","1,512.00","1,086",Rice
18-Feb-22,"1,489.00","1,491.50","1,479.00","1,490.00","1,490.00",685,Rice
17-Feb-22,"1,488.00","1,500.00","1,480.00","1,491.00","1,491.00",758,Rice
16-Feb-22,"1,480.00","1,494.00","1,474.00","1,488.00","1,488.00","1,338",Rice
15-Feb-22,"1,499.00","1,499.50","1,480.00","1,481.00","1,481.00","1,066",Rice
14-Feb-22,"1,519.50","1,523.00","1,485.00","1,505.00","1,505.00",778,Rice
11-Feb-22,"1,477.50","1,523.50","1,465.00","1,521.00","1,521.00","1,125",Rice
10-Feb-22,"1,510.50","1,510.50","1,478.00","1,479.50","1,479.50",973,Rice
9-Feb-22,"1,525.50","1,527.50","1,503.00","1,508.50","1,508.50",737,Rice
8-Feb-22,"1,544.50","1,550.00","1,525.50","1,526.00","1,526.00",502,Rice
7-Feb-22,"1,527.50","1,552.50","1,524.50","1,545.00","1,545.00",605,Rice
4-Feb-22,"1,540.00","1,549.50","1,517.00","1,527.50","1,527.50",555,Rice
3-Feb-22,"1,542.50","1,551.50","1,525.50","1,537.50","1,537.50",394,Rice
2-Feb-22,"1,515.50","1,558.00","1,513.50","1,543.50","1,543.50",934,Rice
1-Feb-22,"1,506.00","1,518.50","1,496.00","1,516.50","1,516.50",503,Rice
31-Jan-22,"1,490.50","1,510.00","1,481.50","1,506.00","1,506.00",367,Rice
28-Jan-22,"1,496.00","1,498.00","1,461.00","1,497.50","1,497.50",853,Rice
27-Jan-22,"1,502.50","1,523.00","1,492.00","1,496.00","1,496.00",674,Rice
26-Jan-22,"1,490.50","1,510.00","1,490.50","1,507.00","1,507.00",302,Rice
25-Jan-22,"1,491.50","1,517.50","1,471.00","1,497.00","1,497.00",798,Rice
24-Jan-22,"1,484.50","1,502.00","1,483.00","1,498.00","1,498.00",509,Rice
21-Jan-22,"1,475.00","1,509.50","1,462.50","1,485.00","1,485.00","1,231",Rice
20-Jan-22,"1,465.50","1,482.00","1,459.50","1,477.00","1,477.00",374,Rice
19-Jan-22,"1,451.00","1,466.50","1,444.00","1,465.50","1,465.50",225,Rice
18-Jan-22,"1,467.00","1,469.50","1,435.00","1,452.00","1,452.00",398,Rice
14-Jan-22,"1,419.00","1,419.00","1,419.00","1,419.00","1,419.00",634,Rice
13-Jan-22,"1,406.50","1,406.50","1,406.50","1,406.50","1,406.50",1,Rice
12-Jan-22,"1,406.50","1,406.50","1,406.50","1,406.50","1,406.50",1,Rice
11-Jan-22,"1,405.00","1,405.00","1,405.00","1,405.00","1,405.00",1,Rice
10-Jan-22,"1,437.00","1,437.00","1,437.00","1,437.00","1,437.00",1,Rice
7-Jan-22,"1,455.00","1,455.00","1,455.00","1,455.00","1,455.00",1,Rice
6-Jan-22,"1,453.50","1,453.50","1,448.50","1,448.50","1,448.50",1,Rice
5-Jan-22,"1,444.50","1,444.50","1,444.50","1,444.50","1,444.50",-,Rice
4-Jan-22,"1,446.00","1,446.00","1,446.00","1,446.00","1,446.00",1,Rice
3-Jan-22,"1,443.50","1,443.50","1,443.50","1,443.50","1,443.50",-,Rice
31-Dec-21,"1,464.00","1,464.00","1,463.00","1,463.00","1,463.00",9,Rice
30-Dec-21,"1,458.00","1,462.50","1,447.00","1,457.50","1,457.50",343,Rice
29-Dec-21,"1,445.00","1,462.00","1,445.00","1,455.00","1,455.00",250,Rice
28-Dec-21,"1,427.00","1,452.50","1,424.00","1,446.50","1,446.50",421,Rice
27-Dec-21,"1,401.00","1,434.00","1,399.00","1,434.00","1,434.00",472,Rice
23-Dec-21,"1,395.00","1,413.00","1,394.50","1,405.00","1,405.00",505,Rice
22-Dec-21,"1,367.00","1,392.50","1,367.00","1,391.50","1,391.50",749,Rice
21-Dec-21,"1,365.50","1,370.50","1,358.50","1,365.50","1,365.50",581,Rice
20-Dec-21,"1,370.50","1,377.00","1,365.00","1,366.00","1,366.00",499,Rice
17-Dec-21,"1,379.50","1,379.50","1,370.00","1,373.00","1,373.00",597,Rice
16-Dec-21,"1,361.00","1,380.00","1,361.00","1,374.50","1,374.50","1,324",Rice
15-Dec-21,"1,371.00","1,378.50","1,360.00","1,361.00","1,361.00","1,116",Rice
14-Dec-21,"1,379.00","1,385.50","1,371.00","1,372.00","1,372.00",775,Rice
13-Dec-21,"1,389.00","1,390.50","1,370.00","1,377.50","1,377.50",805,Rice
10-Dec-21,"1,380.00","1,400.00","1,380.00","1,382.50","1,382.50",757,Rice
9-Dec-21,"1,380.50","1,387.50","1,376.00","1,380.00","1,380.00",730,Rice
8-Dec-21,"1,391.00","1,391.50","1,380.50","1,382.00","1,382.00",756,Rice
7-Dec-21,"1,402.50","1,407.00","1,389.00","1,391.50","1,391.50",556,Rice
6-Dec-21,"1,408.00","1,410.50","1,400.00","1,402.50","1,402.50",476,Rice
3-Dec-21,"1,402.50","1,410.50","1,401.00","1,406.50","1,406.50",334,Rice
2-Dec-21,"1,395.00","1,409.50","1,386.50","1,402.00","1,402.00",701,Rice
1-Dec-21,"1,401.00","1,406.00","1,393.50","1,395.00","1,395.00",818,Rice
30-Nov-21,"1,433.00","1,433.50","1,400.00","1,403.50","1,403.50",847,Rice
29-Nov-21,"1,440.00","1,442.00","1,423.00","1,429.50","1,429.50",569,Rice
26-Nov-21,"1,444.50","1,444.50","1,409.00","1,429.00","1,429.00",830,Rice
24-Nov-21,"1,437.50","1,447.50","1,432.50","1,446.00","1,446.00",382,Rice
23-Nov-21,"1,444.00","1,453.00","1,434.00","1,441.50","1,441.50",399,Rice
22-Nov-21,"1,456.50","1,470.00","1,443.50","1,454.50","1,454.50",524,Rice
19-Nov-21,"1,459.00","1,460.00","1,451.00","1,456.50","1,456.50",726,Rice
18-Nov-21,"1,436.50","1,463.00","1,436.50","1,459.00","1,459.00","1,426",Rice
17-Nov-21,"1,416.50","1,442.00","1,416.50","1,437.00","1,437.00","1,449",Rice
16-Nov-21,"1,413.00","1,421.00","1,410.50","1,418.50","1,418.50",765,Rice
15-Nov-21,"1,408.50","1,415.50","1,400.00","1,415.00","1,415.00",830,Rice
12-Nov-21,"1,390.50","1,390.50","1,390.50","1,390.50","1,390.50",626,Rice
11-Nov-21,"1,375.00","1,383.50","1,375.00","1,383.50","1,383.50",17,Rice
10-Nov-21,"1,365.00","1,365.00","1,364.50","1,364.50","1,364.50",9,Rice
9-Nov-21,"1,342.50","1,354.50","1,340.00","1,354.50","1,354.50",41,Rice
8-Nov-21,"1,333.50","1,333.50","1,333.50","1,333.50","1,333.50",1,Rice
4-Nov-21,"1,329.00","1,329.00","1,329.00","1,329.00","1,329.00",4,Rice
3-Nov-21,"1,308.50","1,318.50","1,308.50","1,318.50","1,318.50",1,Rice
2-Nov-21,"1,301.50","1,301.50","1,301.50","1,301.50","1,301.50",-,Rice
1-Nov-21,"1,318.00","1,318.00","1,297.50","1,301.50","1,301.50",57,Rice
31-Oct-21,"1,345.50","1,345.50","1,319.00","1,320.50","1,320.50",68,Rice
28-Oct-21,"1,327.00","1,330.50","1,325.00","1,328.00","1,328.00",179,Rice
27-Oct-21,"1,330.00","1,334.50","1,328.00","1,328.00","1,328.00",481,Rice
26-Oct-21,"1,330.00","1,338.00","1,329.00","1,329.50","1,329.50",785,Rice
25-Oct-21,"1,340.00","1,341.50","1,327.50","1,328.00","1,328.00",606,Rice
24-Oct-21,"1,360.00","1,360.00","1,340.00","1,340.00","1,340.00",676,Rice
21-Oct-21,"1,356.00","1,360.00","1,347.00","1,350.50","1,350.50",581,Rice
20-Oct-21,"1,360.50","1,362.50","1,339.50","1,357.00","1,357.00",769,Rice
19-Oct-21,"1,371.00","1,372.00","1,360.50","1,361.00","1,361.00",916,Rice
18-Oct-21,"1,385.00","1,387.50","1,371.00","1,372.00","1,372.00",606,Rice
17-Oct-21,"1,385.00","1,388.50","1,370.50","1,385.00","1,385.00",605,Rice
14-Oct-21,"1,393.50","1,395.00","1,380.00","1,385.50","1,385.50",674,Rice
13-Oct-21,"1,378.50","1,394.50","1,378.50","1,387.00","1,387.00",856,Rice
12-Oct-21,"1,371.50","1,382.00","1,367.50","1,380.50","1,380.50",868,Rice
11-Oct-21,"1,373.50","1,377.50","1,367.50","1,370.50","1,370.50",533,Rice
10-Oct-21,"1,377.00","1,383.50","1,372.00","1,378.00","1,378.00",538,Rice
7-Oct-21,"1,383.50","1,384.00","1,372.00","1,373.50","1,373.50",642,Rice
6-Oct-21,"1,365.00","1,386.00","1,362.00","1,384.00","1,384.00",587,Rice
5-Oct-21,"1,358.00","1,365.00","1,352.00","1,361.00","1,361.00",409,Rice
4-Oct-21,"1,353.50","1,355.00","1,352.00","1,352.50","1,352.50",440,Rice
3-Oct-21,"1,361.50","1,367.00","1,353.00","1,354.00","1,354.00",699,Rice
30-Sep-21,"1,369.00","1,377.00","1,355.50","1,361.50","1,361.50",552,Rice
29-Sep-21,"1,377.00","1,380.00","1,361.00","1,371.50","1,371.50",502,Rice
28-Sep-21,"1,383.50","1,391.50","1,378.00","1,380.50","1,380.50",432,Rice
27-Sep-21,"1,394.00","1,400.00","1,376.00","1,393.00","1,393.00",538,Rice
26-Sep-21,"1,386.00","1,400.00","1,385.00","1,399.50","1,399.50",634,Rice
23-Sep-21,"1,379.50","1,395.00","1,369.00","1,390.00","1,390.00",455,Rice
22-Sep-21,"1,389.50","1,392.00","1,373.50","1,383.00","1,383.00",460,Rice
21-Sep-21,"1,384.50","1,390.00","1,365.00","1,388.50","1,388.50",515,Rice
20-Sep-21,"1,364.00","1,388.00","1,364.00","1,385.00","1,385.00",463,Rice
19-Sep-21,"1,378.00","1,380.00","1,351.50","1,372.50","1,372.50",461,Rice
16-Sep-21,"1,369.50","1,378.50","1,369.50","1,378.00","1,378.00",385,Rice
15-Sep-21,"1,378.50","1,380.00","1,363.00","1,368.50","1,368.50",623,Rice
14-Sep-21,"1,361.50","1,380.00","1,355.50","1,379.00","1,379.00",734,Rice
13-Sep-21,"1,343.50","1,343.50","1,343.50","1,343.50","1,343.50",488,Rice
12-Sep-21,"1,332.50","1,332.50","1,332.50","1,332.50","1,332.50",25,Rice
9-Sep-21,"1,325.00","1,326.00","1,325.00","1,326.00","1,326.00",20,Rice
8-Sep-21,"1,309.00","1,314.00","1,308.50","1,308.50","1,308.50",91,Rice
7-Sep-21,"1,307.00","1,310.00","1,303.00","1,310.00","1,310.00",44,Rice
6-Sep-21,"1,312.00","1,312.00","1,310.00","1,310.00","1,310.00",10,Rice
2-Sep-21,"1,306.50","1,307.00","1,304.50","1,307.00","1,307.00",119,Rice
1-Sep-21,"1,305.00","1,305.50","1,303.00","1,305.50","1,305.50",24,Rice
31-Aug-21,"1,304.50","1,304.50","1,294.50","1,297.50","1,297.50",31,Rice
30-Aug-21,"1,316.00","1,316.00","1,301.00","1,313.00","1,313.00",50,Rice
29-Aug-21,"1,320.50","1,330.00","1,305.00","1,316.00","1,316.00",795,Rice
26-Aug-21,"1,329.50","1,339.00","1,319.50","1,323.00","1,323.00",312,Rice
25-Aug-21,"1,331.00","1,335.00","1,322.50","1,331.00","1,331.00",252,Rice
24-Aug-21,"1,335.00","1,340.50","1,319.50","1,335.50","1,335.50",290,Rice
23-Aug-21,"1,341.00","1,344.50","1,333.50","1,337.50","1,337.50",536,Rice
22-Aug-21,"1,326.00","1,342.00","1,320.00","1,339.00","1,339.00",471,Rice
19-Aug-21,"1,320.00","1,329.50","1,319.50","1,327.00","1,327.00",542,Rice
18-Aug-21,"1,326.00","1,328.50","1,318.00","1,319.50","1,319.50",629,Rice
17-Aug-21,"1,350.00","1,358.00","1,328.00","1,328.50","1,328.50","1,200",Rice
16-Aug-21,"1,354.50","1,355.00","1,344.50","1,344.50","1,344.50",852,Rice
15-Aug-21,"1,355.00","1,361.00","1,347.00","1,355.00","1,355.00",781,Rice
12-Aug-21,"1,353.50","1,363.00","1,351.50","1,353.00","1,353.00",525,Rice
11-Aug-21,"1,340.50","1,358.00","1,334.50","1,352.50","1,352.50",365,Rice
10-Aug-21,"1,340.50","1,355.00","1,340.50","1,343.00","1,343.00",450,Rice
9-Aug-21,"1,340.00","1,351.00","1,336.00","1,348.50","1,348.50",513,Rice
8-Aug-21,"1,336.00","1,341.00","1,331.50","1,339.00","1,339.00",334,Rice
5-Aug-21,"1,333.00","1,337.50","1,321.00","1,332.00","1,332.00",415,Rice
4-Aug-21,"1,317.00","1,337.00","1,316.00","1,328.50","1,328.50",603,Rice
3-Aug-21,"1,335.50","1,340.00","1,315.00","1,319.50","1,319.50",578,Rice
2-Aug-21,"1,350.00","1,350.00","1,330.00","1,340.00","1,340.00",346,Rice
1-Aug-21,"1,366.00","1,368.50","1,347.00","1,349.50","1,349.50",377,Rice
29-Jul-21,"1,365.00","1,368.50","1,348.50","1,368.00","1,368.00",494,Rice
28-Jul-21,"1,368.00","1,385.00","1,366.00","1,368.00","1,368.00",872,Rice
27-Jul-21,"1,348.00","1,368.50","1,348.00","1,366.00","1,366.00",406,Rice
26-Jul-21,"1,355.50","1,360.00","1,345.50","1,348.00","1,348.00",283,Rice
25-Jul-21,"1,349.50","1,360.00","1,345.50","1,354.50","1,354.50",571,Rice
22-Jul-21,"1,353.50","1,362.50","1,348.50","1,361.50","1,361.50",399,Rice
21-Jul-21,"1,329.00","1,358.00","1,329.00","1,354.00","1,354.00",665,Rice
20-Jul-21,"1,316.00","1,334.00","1,315.50","1,331.00","1,331.00",188,Rice
19-Jul-21,"1,305.00","1,319.00","1,302.00","1,319.00","1,319.00",466,Rice
18-Jul-21,"1,326.00","1,326.50","1,303.00","1,304.00","1,304.00",228,Rice
15-Jul-21,"1,325.00","1,334.50","1,321.00","1,323.00","1,323.00",373,Rice
14-Jul-21,"1,314.00","1,323.00","1,306.00","1,321.50","1,321.50",213,Rice
13-Jul-21,"1,283.00","1,283.00","1,283.00","1,283.00","1,283.00",144,Rice
12-Jul-21,"1,283.00","1,283.00","1,283.00","1,283.00","1,283.00",10,Rice
11-Jul-21,"1,266.00","1,266.00","1,266.00","1,266.00","1,266.00",13,Rice
8-Jul-21,"1,251.00","1,260.00","1,251.00","1,260.00","1,260.00",27,Rice
7-Jul-21,"1,248.50","1,248.50","1,248.50","1,248.50","1,248.50",15,Rice
6-Jul-21,"1,260.50","1,260.50","1,260.50","1,260.50","1,260.50",4,Rice
5-Jul-21,"1,251.50","1,254.50","1,251.50","1,252.00","1,252.00",11,Rice
1-Jul-21,"1,284.00","1,284.00","1,284.00","1,284.00","1,284.00",5,Rice
30-Jun-21,"1,315.50","1,315.50","1,315.50","1,315.50","1,315.50",107,Rice
29-Jun-21,"1,344.00","1,349.00","1,317.50","1,317.50","1,317.50",42,Rice
28-Jun-21,"1,305.00","1,325.00","1,305.00","1,325.00","1,325.00",225,Rice
27-Jun-21,"1,312.50","1,325.00","1,310.50","1,315.50","1,315.50",342,Rice
24-Jun-21,"1,314.00","1,321.50","1,305.50","1,315.00","1,315.00",262,Rice
23-Jun-21,"1,324.50","1,333.50","1,316.00","1,323.50","1,323.50",320,Rice
22-Jun-21,"1,299.00","1,367.00","1,299.00","1,334.50","1,334.50",663,Rice
21-Jun-21,"1,267.00","1,317.00","1,267.00","1,315.00","1,315.00",738,Rice
20-Jun-21,"1,255.50","1,276.00","1,242.00","1,272.00","1,272.00",472,Rice
17-Jun-21,"1,221.50","1,263.00","1,221.00","1,261.00","1,261.00",499,Rice
16-Jun-21,"1,244.00","1,258.00","1,221.00","1,223.00","1,223.00",496,Rice
15-Jun-21,"1,231.00","1,268.50","1,231.00","1,236.00","1,236.00",539,Rice
14-Jun-21,"1,244.00","1,262.00","1,229.00","1,231.00","1,231.00",866,Rice
13-Jun-21,"1,290.00","1,290.00","1,244.00","1,250.50","1,250.50",865,Rice
10-Jun-21,"1,294.00","1,303.50","1,284.00","1,285.00","1,285.00",524,Rice
9-Jun-21,"1,306.50","1,306.50","1,280.50","1,293.00","1,293.00","1,396",Rice
8-Jun-21,"1,314.00","1,322.00","1,304.00","1,308.50","1,308.50",593,Rice
7-Jun-21,"1,323.00","1,324.50","1,312.50","1,314.00","1,314.00",540,Rice
6-Jun-21,"1,332.50","1,333.00","1,323.50","1,327.00","1,327.00",761,Rice
3-Jun-21,"1,326.50","1,332.00","1,326.50","1,331.00","1,331.00",212,Rice
2-Jun-21,"1,329.50","1,332.00","1,326.00","1,329.50","1,329.50",278,Rice
1-Jun-21,"1,326.50","1,331.50","1,325.00","1,331.00","1,331.00",285,Rice
31-May-21,"1,334.00","1,344.00","1,320.00","1,328.50","1,328.50",443,Rice
27-May-21,"1,323.50","1,337.00","1,320.00","1,330.00","1,330.00",381,Rice
26-May-21,"1,319.50","1,333.00","1,319.00","1,323.50","1,323.50",290,Rice
25-May-21,"1,324.00","1,324.50","1,316.50","1,319.00","1,319.00",148,Rice
24-May-21,"1,314.50","1,326.00","1,313.50","1,320.00","1,320.00",343,Rice
23-May-21,"1,318.50","1,322.00","1,311.00","1,315.00","1,315.00",599,Rice
20-May-21,"1,326.50","1,327.50","1,317.00","1,318.50","1,318.50",504,Rice
19-May-21,"1,334.00","1,354.50","1,326.50","1,328.00","1,328.00",298,Rice
18-May-21,"1,334.00","1,347.00","1,326.00","1,336.50","1,336.50",737,Rice
17-May-21,"1,345.50","1,349.00","1,334.00","1,335.00","1,335.00",714,Rice
16-May-21,"1,360.00","1,364.50","1,345.00","1,345.50","1,345.50",350,Rice
13-May-21,"1,333.00","1,333.00","1,333.00","1,333.00","1,333.00",497,Rice
12-May-21,"1,336.00","1,336.00","1,336.00","1,336.00","1,336.00",48,Rice
11-May-21,"1,372.50","1,372.50","1,372.50","1,372.50","1,372.50",39,Rice
10-May-21,"1,384.00","1,384.00","1,374.00","1,374.00","1,374.00",22,Rice
9-May-21,"1,419.00","1,419.00","1,381.50","1,388.00","1,388.00",109,Rice
6-May-21,"1,405.00","1,419.00","1,405.00","1,419.00","1,419.00",35,Rice
5-May-21,"1,419.00","1,419.00","1,390.50","1,390.50","1,390.50",106,Rice
4-May-21,"1,390.00","1,412.50","1,384.50","1,412.50","1,412.50",9,Rice
3-May-21,"1,346.00","1,384.00","1,346.00","1,384.00","1,384.00",12,Rice
2-May-21,"1,340.00","1,343.00","1,340.00","1,343.00","1,343.00",50,Rice
29-Apr-21,"1,338.00","1,340.00","1,338.00","1,338.50","1,338.50",18,Rice
28-Apr-21,"1,319.00","1,337.50","1,313.50","1,337.00","1,337.00",74,Rice
27-Apr-21,"1,314.00","1,319.00","1,309.50","1,316.50","1,316.50",520,Rice
26-Apr-21,"1,320.00","1,320.00","1,307.50","1,313.50","1,313.50",447,Rice
25-Apr-21,"1,340.00","1,353.50","1,321.50","1,322.00","1,322.00",791,Rice
22-Apr-21,"1,340.00","1,350.00","1,331.00","1,343.00","1,343.00","1,092",Rice
21-Apr-21,"1,288.00","1,340.00","1,286.00","1,336.00","1,336.00","1,397",Rice
20-Apr-21,"1,283.50","1,288.50","1,279.00","1,286.50","1,286.50",950,Rice
19-Apr-21,"1,285.00","1,286.00","1,282.00","1,284.00","1,284.00",773,Rice
18-Apr-21,"1,289.50","1,296.00","1,282.50","1,284.50","1,284.50",823,Rice
15-Apr-21,"1,307.00","1,307.00","1,287.50","1,288.00","1,288.00",980,Rice
14-Apr-21,"1,315.50","1,317.00","1,303.00","1,305.00","1,305.00","1,029",Rice
13-Apr-21,"1,310.00","1,317.00","1,307.00","1,316.50","1,316.50",533,Rice
12-Apr-21,"1,311.00","1,315.00","1,308.50","1,313.00","1,313.00",263,Rice
11-Apr-21,"1,309.50","1,319.50","1,308.00","1,310.00","1,310.00",272,Rice
8-Apr-21,"1,308.00","1,314.50","1,303.50","1,309.00","1,309.00",423,Rice
7-Apr-21,"1,314.00","1,315.00","1,310.00","1,311.00","1,311.00",261,Rice
6-Apr-21,"1,313.00","1,317.00","1,310.00","1,317.00","1,317.00",231,Rice
5-Apr-21,"1,316.00","1,316.00","1,310.50","1,313.00","1,313.00",469,Rice
4-Apr-21,"1,311.00","1,320.00","1,309.50","1,316.00","1,316.00",458,Rice
31-Mar-21,"1,316.00","1,324.00","1,310.00","1,311.50","1,311.50",313,Rice
30-Mar-21,"1,320.00","1,327.00","1,316.00","1,318.00","1,318.00",319,Rice
29-Mar-21,"1,327.00","1,330.00","1,317.00","1,322.00","1,322.00",226,Rice
28-Mar-21,"1,308.50","1,330.00","1,307.00","1,326.50","1,326.50",190,Rice
25-Mar-21,"1,312.50","1,319.00","1,308.00","1,308.50","1,308.50",170,Rice
24-Mar-21,"1,331.00","1,338.50","1,314.00","1,315.00","1,315.00",318,Rice
23-Mar-21,"1,319.00","1,345.00","1,319.00","1,339.50","1,339.50",405,Rice
22-Mar-21,"1,323.00","1,326.00","1,312.00","1,321.00","1,321.00",145,Rice
21-Mar-21,"1,316.00","1,323.00","1,313.00","1,321.50","1,321.50",188,Rice
18-Mar-21,"1,302.50","1,315.50","1,302.00","1,314.50","1,314.50",201,Rice
17-Mar-21,"1,318.00","1,320.00","1,299.00","1,303.00","1,303.00",341,Rice
16-Mar-21,"1,304.50","1,321.50","1,300.00","1,321.50","1,321.50",244,Rice
15-Mar-21,"1,293.50","1,308.00","1,293.00","1,301.00","1,301.00",224,Rice
14-Mar-21,"1,299.00","1,301.00","1,292.50","1,294.00","1,294.00",333,Rice
12-Mar-21,"1,277.50","1,277.50","1,277.50","1,277.50","1,277.50",430,Rice
11-Mar-21,"1,277.00","1,277.00","1,277.00","1,277.00","1,277.00",19,Rice
10-Mar-21,"1,275.50","1,275.50","1,275.50","1,275.50","1,275.50",24,Rice
9-Mar-21,"1,291.50","1,291.50","1,291.50","1,291.50","1,291.50",14,Rice
8-Mar-21,"1,297.00","1,297.00","1,297.00","1,297.00","1,297.00",2,Rice
5-Mar-21,"1,294.50","1,294.50","1,294.50","1,294.50","1,294.50",2,Rice
4-Mar-21,"1,318.50","1,321.00","1,307.50","1,307.50","1,307.50",33,Rice
3-Mar-21,"1,299.50","1,318.00","1,299.50","1,316.50","1,316.50",47,Rice
2-Mar-21,"1,278.50","1,305.50","1,275.50","1,305.50","1,305.50",37,Rice
1-Mar-21,"1,279.50","1,280.00","1,279.50","1,279.50","1,279.50",5,Rice
26-Feb-21,"1,281.00","1,282.00","1,270.00","1,275.00","1,275.00",45,Rice
25-Feb-21,"1,282.50","1,291.00","1,275.00","1,280.50","1,280.50",140,Rice
24-Feb-21,"1,283.50","1,294.00","1,283.00","1,287.00","1,287.00",272,Rice
23-Feb-21,"1,284.50","1,290.50","1,282.00","1,283.50","1,283.50",631,Rice
22-Feb-21,"1,287.50","1,291.00","1,280.50","1,289.00","1,289.00","1,361",Rice
19-Feb-21,"1,275.50","1,295.50","1,268.50","1,287.00","1,287.00","1,503",Rice
18-Feb-21,"1,269.00","1,276.00","1,265.00","1,273.00","1,273.00",960,Rice
17-Feb-21,"1,271.00","1,275.50","1,260.50","1,274.50","1,274.50",673,Rice
16-Feb-21,"1,281.50","1,285.00","1,261.50","1,271.50","1,271.50","1,078",Rice
12-Feb-21,"1,289.00","1,291.00","1,280.50","1,281.00","1,281.00",769,Rice
11-Feb-21,"1,288.00","1,291.00","1,281.00","1,289.00","1,289.00",834,Rice
10-Feb-21,"1,291.00","1,297.00","1,284.50","1,288.00","1,288.00",677,Rice
9-Feb-21,"1,304.50","1,304.50","1,284.00","1,291.50","1,291.50",843,Rice
8-Feb-21,"1,300.00","1,310.00","1,296.50","1,297.00","1,297.00",429,Rice
5-Feb-21,"1,301.50","1,302.50","1,282.00","1,300.00","1,300.00",589,Rice
4-Feb-21,"1,309.00","1,309.00","1,296.50","1,302.50","1,302.50",467,Rice
3-Feb-21,"1,335.00","1,341.00","1,276.50","1,309.00","1,309.00","1,296",Rice
2-Feb-21,"1,334.50","1,338.00","1,331.00","1,336.00","1,336.00",261,Rice
1-Feb-21,"1,346.00","1,348.50","1,333.00","1,334.00","1,334.00",569,Rice
29-Jan-21,"1,341.00","1,349.00","1,337.50","1,346.00","1,346.00",386,Rice
28-Jan-21,"1,346.50","1,350.00","1,335.00","1,339.00","1,339.00",405,Rice
27-Jan-21,"1,328.50","1,348.00","1,327.50","1,345.50","1,345.50",506,Rice
26-Jan-21,"1,312.50","1,332.50","1,312.00","1,330.50","1,330.50",237,Rice
25-Jan-21,"1,327.00","1,327.00","1,305.00","1,323.50","1,323.50",322,Rice
22-Jan-21,"1,321.50","1,330.00","1,318.00","1,327.50","1,327.50",766,Rice
21-Jan-21,"1,320.00","1,325.00","1,316.50","1,324.50","1,324.50",178,Rice
20-Jan-21,"1,319.00","1,328.00","1,308.50","1,321.00","1,321.00",345,Rice
19-Jan-21,"1,309.00","1,326.50","1,308.00","1,319.50","1,319.50",352,Rice
15-Jan-21,"1,314.50","1,335.50","1,307.50","1,311.50","1,311.50",655,Rice
14-Jan-21,"1,293.50","1,295.00","1,289.00","1,289.50","1,289.50",634,Rice
13-Jan-21,"1,288.00","1,288.00","1,288.00","1,288.00","1,288.00",25,Rice
12-Jan-21,"1,261.00","1,261.00","1,261.00","1,261.00","1,261.00",1,Rice
11-Jan-21,"1,245.50","1,247.50","1,234.00","1,234.00","1,234.00",15,Rice
8-Jan-21,"1,241.50","1,241.50","1,241.50","1,241.50","1,241.50",19,Rice
7-Jan-21,"1,245.00","1,245.00","1,245.00","1,245.00","1,245.00",2,Rice
6-Jan-21,"1,242.00","1,242.00","1,242.00","1,242.00","1,242.00",201,Rice
5-Jan-21,"1,235.50","1,235.50","1,235.50","1,235.50","1,235.50",7,Rice
4-Jan-21,"1,265.00","1,265.00","1,245.00","1,245.00","1,245.00",16,Rice
31-Dec-20,"1,224.00","1,240.00","1,224.00","1,240.00","1,240.00",116,Rice
30-Dec-20,"1,222.50","1,239.00","1,215.00","1,220.50","1,220.50",71,Rice
29-Dec-20,"1,200.00","1,224.00","1,200.00","1,220.50","1,220.50",145,Rice
28-Dec-20,"1,232.00","1,232.00","1,199.00","1,199.50","1,199.50","1,398",Rice
24-Dec-20,"1,237.50","1,238.50","1,226.00","1,228.00","1,228.00",527,Rice
23-Dec-20,"1,239.00","1,244.50","1,234.00","1,239.00","1,239.00",598,Rice
22-Dec-20,"1,235.50","1,243.50","1,232.50","1,236.50","1,236.50",431,Rice
21-Dec-20,"1,260.00","1,260.00","1,236.00","1,236.00","1,236.00",645,Rice
18-Dec-20,"1,258.00","1,264.00","1,252.50","1,258.00","1,258.00",751,Rice
17-Dec-20,"1,231.00","1,262.00","1,231.00","1,258.50","1,258.50","1,472",Rice
16-Dec-20,"1,231.50","1,237.00","1,230.50","1,234.00","1,234.00","1,285",Rice
15-Dec-20,"1,237.00","1,237.00","1,227.00","1,233.00","1,233.00","1,129",Rice
14-Dec-20,"1,245.00","1,250.00","1,237.00","1,241.50","1,241.50","1,040",Rice
11-Dec-20,"1,240.00","1,248.50","1,240.00","1,247.00","1,247.00",458,Rice
10-Dec-20,"1,237.50","1,252.00","1,234.00","1,240.00","1,240.00",608,Rice
9-Dec-20,"1,231.00","1,237.50","1,230.00","1,236.50","1,236.50",338,Rice
8-Dec-20,"1,232.00","1,237.00","1,225.00","1,233.00","1,233.00",787,Rice
7-Dec-20,"1,222.50","1,235.00","1,220.50","1,231.00","1,231.00",723,Rice
4-Dec-20,"1,231.50","1,231.50","1,222.50","1,222.50","1,222.50",631,Rice
3-Dec-20,"1,241.00","1,241.50","1,230.50","1,232.50","1,232.50",480,Rice
2-Dec-20,"1,246.00","1,253.00","1,241.50","1,245.00","1,245.00",297,Rice
1-Dec-20,"1,252.50","1,261.00","1,247.50","1,253.00","1,253.00",750,Rice
30-Nov-20,"1,267.50","1,270.00","1,241.00","1,255.50","1,255.50",720,Rice
27-Nov-20,"1,247.50","1,269.00","1,244.00","1,267.50","1,267.50",331,Rice
25-Nov-20,"1,240.50","1,256.00","1,240.00","1,244.50","1,244.50",206,Rice
24-Nov-20,"1,242.50","1,246.50","1,235.50","1,239.00","1,239.00",189,Rice
23-Nov-20,"1,245.50","1,245.50","1,215.00","1,244.00","1,244.00",359,Rice
20-Nov-20,"1,241.50","1,247.00","1,239.00","1,246.50","1,246.50",205,Rice
19-Nov-20,"1,244.50","1,245.00","1,239.00","1,244.00","1,244.00",162,Rice
18-Nov-20,"1,230.00","1,245.00","1,230.00","1,245.00","1,245.00",551,Rice
17-Nov-20,"1,230.00","1,237.00","1,224.00","1,233.00","1,233.00",285,Rice
16-Nov-20,"1,229.00","1,242.00","1,224.00","1,228.00","1,228.00",266,Rice
13-Nov-20,"1,205.00","1,205.00","1,205.00","1,205.00","1,205.00",163,Rice
12-Nov-20,"1,205.00","1,205.00","1,205.00","1,205.00","1,205.00",1,Rice
11-Nov-20,"1,223.00","1,223.00","1,223.00","1,223.00","1,223.00",1,Rice
10-Nov-20,"1,228.50","1,228.50","1,228.50","1,228.50","1,228.50",1,Rice
9-Nov-20,"1,239.00","1,239.00","1,239.00","1,239.00","1,239.00",1,Rice
6-Nov-20,"1,241.50","1,241.50","1,241.50","1,241.50","1,241.50",1,Rice
5-Nov-20,"1,267.00","1,267.00","1,267.00","1,267.00","1,267.00",6,Rice
4-Nov-20,"1,252.00","1,252.00","1,252.00","1,252.00","1,252.00",-,Rice
3-Nov-20,"1,254.00","1,255.50","1,249.00","1,249.00","1,249.00",24,Rice
2-Nov-20,"1,248.50","1,254.50","1,248.00","1,254.50","1,254.50",119,Rice
29-Oct-20,"1,246.50","1,264.00","1,245.00","1,252.50","1,252.50",143,Rice
28-Oct-20,"1,248.50","1,248.50","1,234.50","1,247.00","1,247.00",233,Rice
27-Oct-20,"1,258.00","1,260.00","1,243.00","1,247.00","1,247.00",385,Rice
26-Oct-20,"1,228.00","1,252.00","1,226.50","1,248.00","1,248.00",855,Rice
25-Oct-20,"1,235.00","1,245.00","1,226.50","1,229.00","1,229.00",409,Rice
22-Oct-20,"1,221.50","1,235.00","1,218.00","1,234.50","1,234.50","1,303",Rice
21-Oct-20,"1,220.00","1,225.00","1,218.00","1,222.00","1,222.00","1,179",Rice
20-Oct-20,"1,219.50","1,230.00","1,218.00","1,219.50","1,219.50","1,321",Rice
19-Oct-20,"1,244.00","1,244.00","1,218.00","1,224.00","1,224.00","1,378",Rice
18-Oct-20,"1,236.50","1,247.50","1,236.00","1,245.00","1,245.00",600,Rice
15-Oct-20,"1,248.00","1,251.50","1,236.00","1,237.50","1,237.50","1,162",Rice
14-Oct-20,"1,241.00","1,256.50","1,241.00","1,251.50","1,251.50",527,Rice
13-Oct-20,"1,224.00","1,255.50","1,221.50","1,243.00","1,243.00",671,Rice
12-Oct-20,"1,229.00","1,234.50","1,223.00","1,223.50","1,223.50",548,Rice
11-Oct-20,"1,250.50","1,252.00","1,227.00","1,230.50","1,230.50",338,Rice
8-Oct-20,"1,265.00","1,271.00","1,185.00","1,246.50","1,246.50","1,074",Rice
7-Oct-20,"1,264.00","1,273.00","1,263.50","1,265.50","1,265.50",446,Rice
6-Oct-20,"1,261.00","1,270.50","1,260.00","1,266.00","1,266.00",363,Rice
5-Oct-20,"1,267.00","1,275.00","1,261.50","1,262.50","1,262.50",353,Rice
4-Oct-20,"1,251.00","1,276.00","1,251.00","1,269.50","1,269.50",890,Rice
1-Oct-20,"1,251.00","1,257.00","1,249.00","1,255.00","1,255.00",221,Rice
30-Sep-20,"1,244.50","1,255.50","1,244.50","1,251.00","1,251.00",257,Rice
29-Sep-20,"1,248.00","1,251.50","1,242.00","1,247.50","1,247.50",366,Rice
28-Sep-20,"1,246.50","1,257.00","1,242.00","1,251.00","1,251.00",320,Rice
27-Sep-20,"1,245.00","1,250.00","1,242.50","1,246.00","1,246.00",127,Rice
24-Sep-20,"1,255.00","1,259.00","1,238.50","1,245.00","1,245.00",310,Rice
23-Sep-20,"1,248.50","1,259.00","1,244.50","1,256.00","1,256.00",457,Rice
22-Sep-20,"1,248.00","1,259.50","1,232.00","1,249.00","1,249.00",291,Rice
21-Sep-20,"1,225.00","1,253.50","1,221.50","1,252.00","1,252.00",282,Rice
20-Sep-20,"1,250.50","1,257.00","1,212.00","1,222.00","1,222.00",505,Rice
17-Sep-20,"1,225.00","1,255.00","1,222.50","1,251.50","1,251.50",303,Rice
16-Sep-20,"1,216.50","1,229.50","1,212.00","1,225.00","1,225.00",201,Rice
15-Sep-20,"1,212.50","1,218.00","1,212.00","1,216.00","1,216.00",242,Rice
14-Sep-20,"1,208.50","1,218.50","1,208.50","1,215.00","1,215.00",532,Rice
13-Sep-20,"1,221.50","1,221.50","1,221.50","1,221.50","1,221.50",302,Rice
10-Sep-20,"1,245.00","1,400.00","1,221.50","1,221.50","1,221.50",10,Rice
9-Sep-20,"1,258.00","1,258.00","1,258.00","1,258.00","1,258.00",-,Rice
8-Sep-20,"1,254.00","1,254.00","1,254.00","1,254.00","1,254.00",-,Rice
7-Sep-20,"1,255.50","1,255.50","1,255.50","1,255.50","1,255.50",-,Rice
3-Sep-20,"1,251.50","1,251.50","1,250.00","1,250.00","1,250.00",22,Rice
2-Sep-20,"1,253.50","1,253.50","1,244.50","1,244.50","1,244.50",1,Rice
1-Sep-20,"1,239.00","1,239.00","1,239.00","1,239.00","1,239.00",3,Rice
31-Aug-20,"1,225.00","1,225.00","1,225.00","1,225.00","1,225.00",8,Rice
30-Aug-20,"1,260.00","1,260.00","1,249.00","1,249.00","1,249.00",42,Rice
27-Aug-20,"1,270.00","1,273.50","1,232.00","1,232.00","1,232.00",331,Rice
26-Aug-20,"1,220.50","1,262.00","1,220.00","1,262.00","1,262.00",240,Rice
25-Aug-20,"1,206.00","1,227.50","1,206.00","1,225.50","1,225.50",443,Rice
24-Aug-20,"1,210.50","1,215.50","1,198.00","1,202.00","1,202.00",532,Rice
23-Aug-20,"1,229.50","1,249.00","1,221.00","1,226.00","1,226.00",801,Rice
20-Aug-20,"1,217.00","1,232.00","1,214.50","1,230.00","1,230.00",646,Rice
19-Aug-20,"1,204.00","1,222.50","1,200.50","1,216.50","1,216.50",435,Rice
18-Aug-20,"1,195.50","1,204.50","1,185.00","1,204.00","1,204.00",877,Rice
17-Aug-20,"1,197.00","1,204.00","1,191.00","1,192.00","1,192.00",817,Rice
16-Aug-20,"1,189.00","1,198.00","1,188.50","1,197.50","1,197.50",714,Rice
13-Aug-20,"1,172.50","1,190.00","1,172.50","1,189.00","1,189.00",758,Rice
12-Aug-20,"1,172.00","1,180.00","1,169.50","1,175.50","1,175.50",420,Rice
11-Aug-20,"1,166.00","1,179.00","1,166.00","1,178.00","1,178.00",474,Rice
10-Aug-20,"1,170.00","1,177.50","1,168.00","1,168.00","1,168.00",332,Rice
9-Aug-20,"1,151.00","1,172.50","1,151.00","1,171.00","1,171.00",336,Rice
6-Aug-20,"1,151.50","1,158.00","1,151.00","1,152.50","1,152.50",234,Rice
5-Aug-20,"1,167.50","1,167.50","1,145.50","1,148.00","1,148.00",411,Rice
4-Aug-20,"1,161.50","1,175.00","1,160.00","1,168.00","1,168.00",219,Rice
3-Aug-20,"1,160.50","1,170.50","1,155.00","1,157.00","1,157.00",292,Rice
2-Aug-20,"1,164.00","1,167.00","1,155.50","1,159.00","1,159.00",282,Rice
30-Jul-20,"1,161.00","1,164.00","1,152.50","1,159.50","1,159.50",211,Rice
29-Jul-20,"1,136.00","1,190.00","1,135.00","1,153.50","1,153.50",603,Rice
28-Jul-20,"1,140.00","1,148.50","1,135.00","1,138.50","1,138.50",571,Rice
27-Jul-20,"1,162.00","1,162.00","1,121.50","1,142.50","1,142.50",871,Rice
26-Jul-20,"1,183.50","1,186.00","1,160.50","1,164.00","1,164.00",511,Rice
23-Jul-20,"1,182.50","1,186.50","1,178.50","1,180.50","1,180.50",249,Rice
22-Jul-20,"1,185.00","1,190.00","1,183.00","1,183.50","1,183.50",154,Rice
21-Jul-20,"1,184.00","1,190.00","1,181.00","1,187.00","1,187.00",180,Rice
20-Jul-20,"1,179.50","1,188.00","1,177.00","1,180.50","1,180.50",251,Rice
19-Jul-20,"1,184.50","1,186.50","1,175.50","1,181.50","1,181.50",298,Rice
16-Jul-20,"1,178.50","1,188.50","1,176.50","1,182.50","1,182.50",218,Rice
15-Jul-20,"1,196.00","1,198.50","1,170.50","1,179.00","1,179.00",367,Rice
14-Jul-20,"1,204.50","1,206.00","1,193.50","1,199.00","1,199.00",218,Rice
13-Jul-20,"1,618.00","1,618.00","1,618.00","1,618.00","1,618.00",163,Rice
12-Jul-20,"1,618.00","1,618.00","1,618.00","1,618.00","1,618.00",-,Rice
9-Jul-20,"1,615.50","1,615.50","1,615.50","1,615.50","1,615.50",-,Rice
8-Jul-20,"1,780.00","1,790.00","1,631.50","1,631.50","1,631.50",18,Rice
7-Jul-20,"1,631.50","1,631.50","1,631.50","1,631.50","1,631.50",26,Rice
6-Jul-20,"1,750.00","1,775.00","1,652.00","1,652.00","1,652.00",10,Rice
5-Jul-20,"1,641.50","1,641.50","1,641.50","1,641.50","1,641.50",-,Rice
1-Jul-20,"1,650.00","1,725.00","1,650.00","1,652.50","1,652.50",19,Rice
30-Jun-20,"1,990.00","1,990.00","1,594.00","1,594.00","1,594.00",96,Rice
29-Jun-20,"2,030.00","2,030.00","1,450.50","1,450.50","1,450.50",4,Rice
28-Jun-20,"1,345.00","1,451.00","1,345.00","1,370.00","1,370.00",59,Rice
25-Jun-20,"1,350.00","1,368.00","1,310.00","1,357.00","1,357.00",218,Rice
24-Jun-20,"1,404.00","1,405.00","1,353.00","1,355.50","1,355.50",225,Rice
23-Jun-20,"1,414.50","1,415.00","1,387.00","1,394.00","1,394.00",107,Rice
22-Jun-20,"1,400.00","1,417.00","1,393.00","1,406.00","1,406.00",124,Rice
21-Jun-20,"1,404.00","1,437.50","1,390.00","1,400.00","1,400.00",157,Rice
18-Jun-20,"1,410.00","1,434.50","1,397.50","1,402.00","1,402.00",126,Rice
17-Jun-20,"1,442.00","1,463.00","1,396.00","1,404.00","1,404.00",215,Rice
16-Jun-20,"1,540.00","1,540.00","1,431.00","1,454.50","1,454.50",484,Rice
15-Jun-20,"1,672.00","1,672.00","1,573.00","1,573.00","1,573.00",255,Rice
14-Jun-20,"1,610.00","1,708.50","1,610.00","1,668.00","1,668.00","1,042",Rice
11-Jun-20,"1,455.50","1,606.50","1,419.50","1,606.50","1,606.50",789,Rice
10-Jun-20,"1,600.50","1,605.00","1,456.50","1,456.50","1,456.50","2,114",Rice
9-Jun-20,"1,606.50","1,665.50","1,606.50","1,606.50","1,606.50",883,Rice
8-Jun-20,"1,756.50","1,756.50","1,756.50","1,756.50","1,756.50",538,Rice
7-Jun-20,"1,906.50","1,906.50","1,906.50","1,906.50","1,906.50",105,Rice
4-Jun-20,"2,221.00","2,356.50","2,056.50","2,056.50","2,056.50",803,Rice
3-Jun-20,"2,067.50","2,206.50","2,063.00","2,206.50","2,206.50","1,446",Rice
2-Jun-20,"1,920.00","2,056.50","1,906.50","2,056.50","2,056.50","1,273",Rice
1-Jun-20,"1,810.00","1,906.50","1,810.00","1,906.50","1,906.50","1,185",Rice
31-May-20,"1,720.00","1,816.50","1,701.50","1,811.50","1,811.50","1,273",Rice
28-May-20,"1,688.00","1,731.50","1,681.50","1,721.50","1,721.50",801,Rice
27-May-20,"1,640.00","1,731.00","1,629.50","1,688.50","1,688.50","1,021",Rice
26-May-20,"1,625.00","1,640.00","1,622.00","1,636.00","1,636.00",287,Rice
25-May-20,"1,601.00","1,639.50","1,600.00","1,624.00","1,624.00",303,Rice
21-May-20,"1,601.50","1,612.50","1,600.00","1,605.00","1,605.00",181,Rice
20-May-20,"1,608.00","1,608.00","1,594.00","1,604.00","1,604.00",204,Rice
19-May-20,"1,605.00","1,619.50","1,600.50","1,608.50","1,608.50",245,Rice
18-May-20,"1,603.00","1,616.50","1,591.00","1,607.00","1,607.00",259,Rice
17-May-20,"1,605.50","1,637.50","1,599.00","1,607.00","1,607.00",471,Rice
14-May-20,"1,595.00","1,604.00","1,553.50","1,601.50","1,601.50",573,Rice
13-May-20,"1,742.00","1,742.00","1,742.00","1,742.00","1,742.00",491,Rice
12-May-20,"1,742.00","1,742.00","1,742.00","1,742.00","1,742.00",20,Rice
11-May-20,"1,725.00","1,725.00","1,722.50","1,722.50","1,722.50",7,Rice
10-May-20,"1,751.00","1,751.00","1,681.00","1,681.00","1,681.00",4,Rice
7-May-20,"1,670.00","1,670.00","1,670.00","1,670.00","1,670.00",-,Rice
6-May-20,"1,685.00","1,685.00","1,685.00","1,685.00","1,685.00",-,Rice
5-May-20,"1,676.50","1,679.00","1,669.00","1,669.00","1,669.00",5,Rice
4-May-20,"1,610.00","1,614.50","1,610.00","1,614.50","1,614.50",2,Rice
3-May-20,"1,620.00","1,620.00","1,620.00","1,620.00","1,620.00",-,Rice
30-Apr-20,"1,637.00","1,677.50","1,578.00","1,677.50","1,677.50",61,Rice
29-Apr-20,"1,814.00","1,870.00","1,635.00","1,715.50","1,715.50",107,Rice
28-Apr-20,"1,700.00","1,800.00","1,655.00","1,800.00","1,800.00",123,Rice
27-Apr-20,"1,715.00","1,732.50","1,614.00","1,686.00","1,686.00",330,Rice
26-Apr-20,"1,656.00","1,700.00","1,623.00","1,697.50","1,697.50",836,Rice
23-Apr-20,"1,688.50","1,719.50","1,600.00","1,661.00","1,661.00",525,Rice
22-Apr-20,"1,575.00","1,667.50","1,575.00","1,667.50","1,667.50","1,499",Rice
21-Apr-20,"1,520.50","1,591.00","1,500.00","1,582.50","1,582.50","1,097",Rice
20-Apr-20,"1,453.00","1,523.00","1,440.00","1,514.00","1,514.00","1,393",Rice
19-Apr-20,"1,450.00","1,473.00","1,443.50","1,456.00","1,456.00",868,Rice
16-Apr-20,"1,436.50","1,451.50","1,433.50","1,449.50","1,449.50",426,Rice
15-Apr-20,"1,427.00","1,433.50","1,424.00","1,432.50","1,432.50",923,Rice
14-Apr-20,"1,426.50","1,435.50","1,413.50","1,419.00","1,419.00",478,Rice
13-Apr-20,"1,434.50","1,447.00","1,412.50","1,428.00","1,428.00",788,Rice
12-Apr-20,"1,446.00","1,460.50","1,431.50","1,432.50","1,432.50",456,Rice
8-Apr-20,"1,420.50","1,454.50","1,418.50","1,452.00","1,452.00",494,Rice
7-Apr-20,"1,438.50","1,439.00","1,407.00","1,431.50","1,431.50",588,Rice
6-Apr-20,"1,464.00","1,466.00","1,406.50","1,434.00","1,434.00",820,Rice
5-Apr-20,"1,461.00","1,474.00","1,459.50","1,468.00","1,468.00",901,Rice
2-Apr-20,"1,430.00","1,468.00","1,427.00","1,455.00","1,455.00","1,055",Rice
1-Apr-20,"1,406.50","1,433.00","1,405.50","1,424.50","1,424.50",755,Rice
31-Mar-20,"1,400.00","1,414.00","1,381.50","1,405.50","1,405.50","1,223",Rice
30-Mar-20,"1,409.50","1,413.00","1,400.00","1,403.50","1,403.50",712,Rice
29-Mar-20,"1,399.50","1,417.00","1,397.00","1,409.50","1,409.50",643,Rice
26-Mar-20,"1,372.50","1,409.00","1,372.50","1,397.00","1,397.00",394,Rice
25-Mar-20,"1,356.00","1,381.00","1,356.00","1,377.00","1,377.00",516,Rice
24-Mar-20,"1,329.00","1,365.00","1,328.00","1,362.50","1,362.50",474,Rice
23-Mar-20,"1,323.00","1,339.50","1,321.00","1,328.00","1,328.00",363,Rice
22-Mar-20,"1,338.50","1,349.00","1,315.50","1,323.50","1,323.50",649,Rice
19-Mar-20,"1,400.50","1,401.50","1,323.00","1,328.50","1,328.50","1,065",Rice
18-Mar-20,"1,417.50","1,432.00","1,389.50","1,392.00","1,392.00","1,023",Rice
17-Mar-20,"1,393.00","1,435.00","1,380.00","1,429.00","1,429.00","1,503",Rice
16-Mar-20,"1,361.50","1,406.50","1,358.00","1,395.00","1,395.00","1,912",Rice
15-Mar-20,"1,334.50","1,366.50","1,327.00","1,361.50","1,361.50",943,Rice
12-Mar-20,"1,286.00","1,312.00","1,286.00","1,312.00","1,312.00","1,008",Rice
11-Mar-20,"1,315.00","1,315.00","1,315.00","1,315.00","1,315.00",-,Rice
10-Mar-20,"1,301.50","1,302.00","1,297.50","1,297.50","1,297.50",3,Rice
9-Mar-20,"1,281.50","1,284.50","1,281.50","1,284.50","1,284.50",66,Rice
8-Mar-20,"1,280.50","1,285.00","1,275.00","1,278.00","1,278.00",24,Rice
6-Mar-20,"1,310.00","1,310.00","1,282.00","1,288.00","1,288.00",25,Rice
5-Mar-20,"1,345.50","1,347.00","1,303.00","1,303.00","1,303.00",19,Rice
4-Mar-20,"1,345.50","1,346.00","1,340.50","1,340.50","1,340.50",2,Rice
3-Mar-20,"1,359.00","1,359.00","1,345.50","1,345.50","1,345.50",90,Rice
2-Mar-20,"1,356.00","1,364.00","1,350.00","1,350.00","1,350.00",24,Rice
28-Feb-20,"1,337.00","1,366.00","1,337.00","1,351.50","1,351.50",143,Rice
27-Feb-20,"1,341.50","1,353.50","1,327.50","1,341.50","1,341.50",519,Rice
26-Feb-20,"1,340.00","1,350.00","1,335.50","1,342.50","1,342.50",714,Rice
25-Feb-20,"1,332.50","1,347.50","1,330.50","1,336.50","1,336.50","1,371",Rice
24-Feb-20,"1,341.00","1,341.50","1,326.00","1,337.00","1,337.00",754,Rice
21-Feb-20,"1,340.50","1,345.00","1,331.00","1,338.50","1,338.50","1,089",Rice
20-Feb-20,"1,342.00","1,352.00","1,338.00","1,343.50","1,343.50",832,Rice
19-Feb-20,"1,342.00","1,347.00","1,333.50","1,342.50","1,342.50",571,Rice
18-Feb-20,"1,330.50","1,345.50","1,330.00","1,343.00","1,343.00","1,528",Rice
14-Feb-20,"1,329.50","1,342.00","1,324.00","1,333.00","1,333.00",785,Rice
13-Feb-20,"1,340.00","1,340.00","1,308.00","1,330.50","1,330.50","1,768",Rice
12-Feb-20,"1,355.50","1,360.00","1,338.50","1,339.00","1,339.00","1,305",Rice
11-Feb-20,"1,375.00","1,375.00","1,353.50","1,360.50","1,360.50","1,726",Rice
10-Feb-20,"1,360.00","1,386.00","1,357.00","1,369.50","1,369.50","1,176",Rice
7-Feb-20,"1,352.50","1,365.00","1,351.00","1,361.50","1,361.50",534,Rice
6-Feb-20,"1,354.00","1,355.00","1,348.50","1,352.50","1,352.50",637,Rice
5-Feb-20,"1,345.00","1,357.50","1,343.00","1,354.00","1,354.00",909,Rice
4-Feb-20,"1,358.00","1,360.50","1,350.00","1,358.50","1,358.50",479,Rice
3-Feb-20,"1,357.50","1,366.50","1,349.50","1,356.50","1,356.50",555,Rice
31-Jan-20,"1,365.50","1,368.00","1,346.50","1,361.00","1,361.00",520,Rice
30-Jan-20,"1,369.00","1,372.00","1,348.00","1,356.00","1,356.00",801,Rice
29-Jan-20,"1,360.00","1,374.00","1,356.00","1,366.50","1,366.50",999,Rice
28-Jan-20,"1,347.00","1,360.50","1,340.50","1,358.50","1,358.50",570,Rice
27-Jan-20,"1,348.50","1,355.00","1,335.00","1,347.00","1,347.00",407,Rice
24-Jan-20,"1,358.00","1,365.50","1,353.00","1,358.50","1,358.50",333,Rice
23-Jan-20,"1,342.50","1,370.50","1,337.50","1,362.50","1,362.50",762,Rice
22-Jan-20,"1,339.50","1,347.50","1,335.00","1,343.50","1,343.50",315,Rice
21-Jan-20,"1,348.50","1,358.50","1,338.00","1,341.50","1,341.50",439,Rice
17-Jan-20,"1,333.00","1,363.50","1,330.50","1,351.50","1,351.50",904,Rice
16-Jan-20,"1,336.50","1,342.00","1,326.50","1,333.50","1,333.50",605,Rice
15-Jan-20,"1,335.00","1,341.00","1,326.00","1,336.00","1,336.00",876,Rice
14-Jan-20,"1,296.00","1,305.00","1,296.00","1,305.00","1,305.00",422,Rice
13-Jan-20,"1,310.00","1,310.00","1,297.00","1,297.00","1,297.00",18,Rice
10-Jan-20,"1,292.00","1,307.50","1,292.00","1,307.50","1,307.50",2,Rice
9-Jan-20,"1,291.00","1,300.00","1,291.00","1,300.00","1,300.00",3,Rice
8-Jan-20,"1,283.50","1,283.50","1,283.50","1,283.50","1,283.50",22,Rice
7-Jan-20,"1,282.00","1,283.50","1,282.00","1,283.50","1,283.50",1,Rice
6-Jan-20,"1,286.50","1,286.50","1,281.50","1,281.50","1,281.50",2,Rice
3-Jan-20,"1,289.50","1,299.50","1,289.50","1,299.50","1,299.50",1,Rice
2-Jan-20,"1,293.50","1,293.50","1,293.50","1,293.50","1,293.50",62,Rice
31-Dec-19,"1,296.00","1,313.50","1,296.00","1,313.50","1,313.50",135,Rice
30-Dec-19,"1,305.50","1,308.50","1,293.00","1,296.50","1,296.50",843,Rice
27-Dec-19,"1,288.00","1,308.00","1,288.00","1,303.00","1,303.00",831,Rice
26-Dec-19,"1,283.00","1,292.00","1,283.00","1,287.50","1,287.50",159,Rice
24-Dec-19,"1,289.00","1,296.00","1,288.50","1,294.00","1,294.00",230,Rice
23-Dec-19,"1,278.00","1,293.50","1,278.00","1,291.50","1,291.50",627,Rice
20-Dec-19,"1,277.00","1,289.50","1,274.50","1,288.00","1,288.00",836,Rice
19-Dec-19,"1,277.50","1,281.50","1,272.00","1,279.50","1,279.50",881,Rice
18-Dec-19,"1,268.00","1,280.00","1,261.00","1,278.50","1,278.50","1,227",Rice
17-Dec-19,"1,254.50","1,282.50","1,254.50","1,268.00","1,268.00","1,482",Rice
16-Dec-19,"1,249.50","1,263.50","1,249.50","1,260.50","1,260.50","1,014",Rice
13-Dec-19,"1,241.00","1,253.00","1,236.50","1,251.50","1,251.50","1,036",Rice
12-Dec-19,"1,241.50","1,245.00","1,237.00","1,243.00","1,243.00",814,Rice
11-Dec-19,"1,244.00","1,248.00","1,234.50","1,243.00","1,243.00",538,Rice
10-Dec-19,"1,243.50","1,249.00","1,241.50","1,245.00","1,245.00",500,Rice
9-Dec-19,"1,226.50","1,245.00","1,226.50","1,245.00","1,245.00",570,Rice
6-Dec-19,"1,228.00","1,231.00","1,223.50","1,231.00","1,231.00",595,Rice
5-Dec-19,"1,229.00","1,233.00","1,227.00","1,229.50","1,229.50",358,Rice
4-Dec-19,"1,233.00","1,233.00","1,227.50","1,229.50","1,229.50",482,Rice
3-Dec-19,"1,245.50","1,246.00","1,230.50","1,233.50","1,233.50",983,Rice
2-Dec-19,"1,247.50","1,256.00","1,242.00","1,247.50","1,247.50","1,232",Rice
,,,,,,,